0.0437314510345459,67.41541740998358,-62.40557870517621,20.0390625,20.483516483516482,0.0,0.0,-79.609375,0.0,-1.0,0.8,1.0,0.8,20.483516483516482,0.0879120879120879,-0.0879120879120879,0.0
0.16534209251403809,67.41541740998358,-62.40557870517621,20.0390625,20.483516483516482,6.687354220932201,0.9553363172760287,0.0,0.0,-0.9507313072657055,0.8,0.9507313072657055,0.8,20.483516483516482,0.0879120879120879,-0.1758241758241758,0.0
0.2874302864074707,68.11854499780783,-62.31768775669818,20.0390625,20.483516483516482,-20.57019986261653,0.9350090846643879,0.0,0.0,-0.8077800372303148,0.8,0.8077800372303148,0.8,20.483516483516482,0.0879120879120879,-0.0879120879120879,0.0
0.4149925708770752,66.09705318281308,-60.647759735615566,17.9296875,9.31868131868132,-55.51063117967954,67.53809756794905,-21.09375,-111.64835164835162,-0.5852322342925295,0.8,0.5852322342925295,0.8,9.31868131868132,-1.054945054945055,1.7582417582417582,0.0
0.5339570045471191,61.262996374961794,-54.495311379814034,14.58984375,-7.296703296703297,-83.89678038478745,-4.994110998625957,-33.3984375,-166.15384615384616,-0.3050171770956176,0.8,0.3050171770956176,0.8,-7.296703296703297,-1.2307692307692308,0.3516483516483516,0.0
0.6618516445159912,52.82538335873142,-59.24147723918729,11.42578125,-10.637362637362637,-92.330872502328,-23.082752621524012,-31.640625,-33.406593406593394,0.005253475255305974,0.8,-0.005253475255305974,0.8,-10.637362637362637,0.7032967032967032,-1.3186813186813187,0.0
0.7818248271942139,42.01468741281442,-61.702451117351956,7.734375,-7.296703296703297,-1.8901292422652598,16.0663923312849,-36.9140625,33.406593406593394,0.3150064638899478,0.8,-0.3150064638899478,0.8,-7.296703296703297,0.8791208791208791,-1.4945054945054945,16.967032967032967
0.90726637840271,30.149286424771145,-57.923113012016806,3.515625,-2.10989010989011,-66.38639468386965,83.21689154239466,-42.1875,51.86813186813188,0.5937195391671687,0.8,-0.5937195391671687,0.8,-2.10989010989011,0.3516483516483516,-1.3186813186813187,16.967032967032967
1.02211332321167,19.07493129380992,-44.56355223945711,-1.93359375,-0.5274725274725275,-37.81403922207953,177.8276907522737,-54.4921875,15.824175824175825,0.8139290433532413,0.8,-0.8139290433532413,0.8,-0.5274725274725275,0.0,-0.967032967032967,16.967032967032967
1.1315853595733643,9.318940390019185,-27.600435258518328,-7.20703125,-1.054945054945055,-14.282463503372352,76.90550703545254,-52.734375,-5.274725274725275,0.9539361076503358,0.8,-0.9539361076503358,0.8,-1.054945054945055,-0.1758241758241758,-0.26373626373626374,16.967032967032967
1.2515089511871338,2.551269055261304,-21.008545820716513,-10.1953125,8.703296703296704,-66.16571992129603,28.63893493273852,-29.8828125,97.58241758241759,0.9999448019954837,0.8,-0.9999448019954837,0.8,8.703296703296704,-0.967032967032967,2.021978021978022,16.967032967032967
1.3580901622772217,-2.3706787010680204,-17.66866245777153,-13.18359375,16.175824175824175,-11.935829740615574,21.7018459134978,-29.8828125,74.72527472527472,0.947421549939091,0.8,-0.947421549939091,0.8,16.175824175824175,-4.131868131868132,9.582417582417582,16.967032967032967
1.4699180126190186,-4.1285113310185455,-15.910816167431124,-15.64453125,6.681318681318682,21.484626343854007,2.9297010765817495,-24.609375,-94.94505494505492,0.801541855415102,0.8,-0.801541855415102,0.8,6.681318681318682,-13.538461538461538,14.241758241758241,16.967032967032967
1.5777032375335693,-2.1948968041119556,-15.735034270475058,-15.99609375,16.087912087912088,16.688328496471957,-3.337631116027206,-3.515625,94.06593406593404,0.5766803221148672,0.8,-0.5766803221148672,0.8,16.087912087912088,-13.274725274725276,16.175824175824175,16.967032967032967
1.6881656646728516,3.342287591563595,-15.998707115909156,-15.99609375,14.153846153846153,57.54821954177686,-1.046319437234135,0.0,-19.340659340659343,0.29499421762224975,0.8,-0.29499421762224975,0.8,14.153846153846153,-13.714285714285715,16.967032967032967,16.967032967032967
1.809697151184082,11.77990060779397,-15.910816167431124,-15.29296875,15.296703296703297,68.7849572563059,-10.508847972522684,7.03125,11.428571428571441,-0.015759845803216186,0.8,0.015759845803216186,0.8,15.296703296703297,-12.219780219780219,12.395604395604396,16.967032967032967
1.9167191982269287,22.239032759798842,-18.371790045595784,-12.83203125,11.868131868131869,9.765650134034786,-26.04207098396338,24.609375,-34.28571428571429,-0.32496097522784506,0.8,0.32496097522784506,0.8,11.868131868131869,-11.428571428571427,8.791208791208792,16.967032967032967
2.0279927253723145,32.43447840597974,-30.149286424771145,-9.140625,7.032967032967033,56.80805213817687,-141.48445992521283,36.9140625,-48.35164835164836,-0.6021412997741992,0.8,0.6021412997741992,0.8,7.032967032967033,-11.692307692307693,5.538461538461538,16.967032967032967
2.1475369930267334,44.65144318793514,-45.530352672715466,-4.5703125,5.274725274725275,63.47746378828928,-92.77477811861579,45.703125,-17.582417582417584,-0.819988194958146,0.8,0.819988194958146,0.8,5.274725274725275,-7.560439560439561,1.7582417582417582,6.505494505494506
2.26220440864563,54.495311379814034,-53.704292843511745,-1.0546875,0.1758241758241758,1.021988180990837,-71.53980803658334,35.15625,-50.989010989010985,-0.9570355972958094,0.8,0.9570355972958094,0.8,0.1758241758241758,0.8791208791208791,-2.989010989010989,6.945054945054945
2.385925054550171,62.40557870517621,-61.17510542648376,2.109375,-12.483516483516484,20.365304783765183,-73.95766849971004,31.640625,-126.59340659340658,-0.9997792140755745,0.8,0.9997792140755745,0.8,-12.483516483516484,1.6703296703296704,-4.395604395604396,19.692307692307693
2.5059220790863037,64.95444353181891,-68.47010879171995,7.3828125,-15.824175824175825,22.68184467921331,3.7802584845305196,52.734375,-33.406593406593416,-0.9440072010544919,0.8,0.9440072010544919,0.8,-15.824175824175825,2.021978021978022,-4.395604395604396,19.86813186813187
2.6305296421051025,66.88807171911537,-68.0306540493298,12.65625,-3.7802197802197806,-21.75549192393712,4.351044284143544,52.734375,120.43956043956044,-0.795215186577979,0.8,0.795215186577979,0.8,-3.7802197802197806,1.4065934065934065,-4.307692307692308,12.131868131868131
2.744020462036133,64.77866163486284,-65.83335301659923,16.34765625,5.538461538461538,-29.963194855057374,105.86978957371531,36.9140625,93.1868131868132,-0.568064746731156,0.8,0.568064746731156,0.8,5.538461538461538,0.0,-3.076923076923077,10.901098901098901
2.85158371925354,59.50515008462139,-55.28635723689608,16.875,0.967032967032967,-25.269013295590238,45.04483707258969,5.2734375,-45.71428571428571,-0.2849386919645687,0.8,0.2849386919645687,0.8,0.967032967032967,-0.8791208791208791,-2.9010989010989015,10.901098901098901
2.960292339324951,50.80386422295692,-51.59488275925921,17.2265625,0.1758241758241758,-20.92661076442224,9.41690166321861,3.515625,-7.912087912087912,0.026264476527046755,0.8,-0.026264476527046755,0.8,0.1758241758241758,-0.5274725274725275,-2.989010989010989,10.901098901098901
3.0855422019958496,39.72949543160582,-49.57339094426447,15.64453125,-2.989010989010989,-0.9251676000923681,41.633117178294015,-15.8203125,-31.648351648351646,0.33487961217098594,0.8,-0.33487961217098594,0.8,-2.989010989010989,0.26373626373626374,-3.1648351648351647,10.901098901098901
3.2104294300079346,28.83090853721078,-44.299879394023016,13.0078125,-4.131868131868132,-48.92946280249035,16.309961763094005,-26.3671875,-11.428571428571432,0.6104965863848604,0.8,-0.6104965863848604,0.8,-4.131868131868132,0.0,-3.340659340659341,10.901098901098901
3.3306422233581543,17.492866900425582,-41.31154616460028,9.66796875,-1.6703296703296704,-71.74837369503831,60.089236833657786,-33.3984375,24.615384615384617,0.8259568231388735,0.8,-0.8259568231388735,0.8,-1.6703296703296704,0.0,-3.340659340659341,10.901098901098901
3.4538187980651855,7.91267155398079,-32.69815125141384,5.2734375,1.4065934065934065,-9.865468944083833,93.27304302624012,-43.9453125,30.769230769230766,0.96002943403084,0.8,-0.96002943403084,0.8,1.4065934065934065,0.0,-3.340659340659341,10.901098901098901
3.5810463428497314,1.936018755525199,-21.448000563106675,0.17578125,4.307692307692308,-48.49195547392763,34.348448833731474,-50.9765625,29.010989010989018,0.9995032545205177,0.8,-0.9995032545205177,0.8,4.307692307692308,-1.054945054945055,-2.7252747252747254,10.901098901098901
3.7021944522857666,-2.898024391936214,-18.10811720016169,-4.21875,11.604395604395606,-12.15526342377734,13.090272508441727,-43.9453125,72.96703296703298,0.9404886375423986,0.8,-0.9404886375423986,0.8,11.604395604395606,-1.934065934065934,-0.26373626373626374,10.901098901098901
3.811494827270508,-4.216402279496577,-16.789739312601323,-8.61328125,13.978021978021978,18.913415907156757,-2.225087410684804,-43.9453125,23.736263736263723,0.7888007291579358,0.8,-0.7888007291579358,0.8,13.978021978021978,-5.450549450549451,6.329670329670329,10.901098901098901
3.9177663326263428,-2.3706787010680204,-16.789739312601323,-12.12890625,13.89010989010989,41.80240513045229,-1.071843727147241,-35.15625,-0.879120879120876,0.5593864592665329,0.8,-0.5593864592665329,0.8,13.89010989010989,-10.54945054945055,9.406593406593407,10.901098901098901
4.031875133514404,3.430178540041627,-16.877630261079357,-14.23828125,16.0,66.40731664712553,-5.859402153163499,-21.09375,21.098901098901095,0.2748517102124759,0.8,-0.2748517102124759,0.8,16.0,-11.428571428571427,10.901098901098901,10.901098901098901
4.137682199478149,11.867791556272001,-17.492866900425582,-15.99609375,16.175824175824175,38.45283889524443,-6.591998177345261,-17.578125,1.758241758241752,-0.036766207757488525,0.8,0.036766207757488525,0.8,16.175824175824175,-12.395604395604396,11.076923076923077,10.901098901098901
4.245039939880371,22.590596553710974,-19.25071319076599,-16.5234375,14.681318681318682,27.868189058773492,-45.017638830221074,-5.2734375,-14.945054945054927,-0.3447612797414368,0.8,0.3447612797414368,0.8,14.681318681318682,-11.780219780219781,8.527472527472527,10.901098901098901
4.354706764221191,33.92863819049617,-26.897294010304194,-15.64453125,10.989010989010989,27.20470783050441,-120.3282151753484,8.7890625,-36.923076923076934,-0.6187844766088588,0.8,0.6187844766088588,0.8,10.989010989010989,-11.780219780219781,9.23076923076923,10.901098901098901
4.460263013839722,44.2119747851551,-45.17878887880334,-13.18359375,9.934065934065934,52.96057115265962,-92.39942849632209,24.609375,-10.549450549450547,-0.8318342689826934,0.8,0.8318342689826934,0.8,9.934065934065934,-11.956043956043956,9.758241758241759,10.901098901098901
4.568151235580444,55.11057533994001,-52.38592861634126,-10.546875,3.956043956043956,46.08947944093654,-57.87972615880675,26.3671875,-59.78021978021978,-0.9629172873477989,0.8,0.9629172873477989,0.8,3.956043956043956,-7.472527472527473,2.5494505494505493,4.65934065934066
4.6946539878845215,62.22979680822015,-59.24147723918729,-8.26171875,-2.021978021978022,59.60490768108523,-46.47144729258994,22.8515625,-59.78021978021978,-0.9991169537951469,0.8,0.9991169537951469,0.8,-2.021978021978022,0.7912087912087912,-1.4065934065934065,5.274725274725275
4.805336952209473,65.04233448029694,-66.80018077063734,-4.74609375,-14.945054945054945,22.786854272618456,-16.276083556724643,35.15625,-129.23076923076923,-0.9368662478381795,0.8,0.9368662478381795,0.8,-14.945054945054945,1.5824175824175823,-2.9010989010989015,19.604395604395606
4.913697242736816,66.62439887368127,-68.11854499780783,0.52734375,-13.89010989010989,-21.138676234177492,0.0,52.734375,10.549450549450547,-0.7822991912854715,0.8,0.7822991912854715,0.8,-13.89010989010989,1.8461538461538463,-2.9010989010989015,19.076923076923077
5.0235419273376465,64.25131594399465,-68.0306540493298,6.6796875,-0.5274725274725275,-20.365304783765183,18.221290382163048,61.5234375,133.62637362637363,-0.5506464177693021,0.8,0.5506464177693021,0.8,-0.5274725274725275,1.2307692307692308,-2.7252747252747254,19.076923076923077
5.161396265029907,58.80202249679713,-62.22979680822015,10.72265625,4.307692307692308,-40.74997535256091,102.2741947027015,40.4296875,48.35164835164836,-0.26473438592849985,0.8,0.26473438592849985,0.8,4.307692307692308,-0.1758241758241758,-2.021978021978022,19.076923076923077
5.299370288848877,50.364409480566756,-50.62808232600085,14.0625,-0.0879120879120879,-61.358507228505665,42.28756237687513,33.3984375,-43.956043956043956,0.04726388014532927,0.8,-0.04726388014532927,0.8,-0.0879120879120879,-0.967032967032967,-1.3186813186813187,19.076923076923077
5.425397634506226,40.959982370688145,-46.7608396117978,16.5234375,0.0,-18.70032701642805,25.24539060907877,24.609375,0.8791208791208791,0.35460488704253523,0.8,-0.35460488704253523,0.8,0.0,0.0,-1.6703296703296704,19.076923076923077
5.535254001617432,28.127780949386523,-42.80570594911671,16.5234375,-5.362637362637363,5.294638978953154,24.35550388630477,0.0,-53.626373626373635,0.6270040554961857,0.8,-0.6270040554961857,0.8,-5.362637362637363,-0.0879120879120879,-1.934065934065934,19.076923076923077
5.65485143661499,19.77805888163418,-38.41111754404545,15.64453125,-4.307692307692308,-93.56203894860867,26.46188843890893,-8.7890625,10.549450549450547,0.8376198836430412,0.8,-0.8376198836430412,0.8,-4.307692307692308,-0.26373626373626374,-2.10989010989011,19.076923076923077
5.764529705047607,6.770075563376491,-34.19231103593027,13.88671875,-2.5494505494505493,-5.294783209507168,63.53597898875132,-17.578125,17.58241758241759,0.9656988384392075,0.8,-0.9656988384392075,0.8,-2.5494505494505493,-0.1758241758241758,-2.10989010989011,19.076923076923077
5.8684985637664795,-0.7007233592056491,-26.282057370957965,11.07421875,0.0879120879120879,-12.556021740080256,63.74579486486138,-28.125,26.373626373626372,0.9986203545455204,0.8,-0.9986203545455204,0.8,0.0879120879120879,-0.3516483516483516,-1.8461538461538463,19.076923076923077
5.97737193107605,-3.2495881858483435,-19.69016793315615,7.55859375,3.1648351648351647,-6.278097066082176,23.019255578470815,-35.15625,30.769230769230766,0.9331404318392031,0.8,-0.9331404318392031,0.8,3.1648351648351647,-1.1428571428571428,-0.5274725274725275,19.076923076923077
6.098242282867432,-4.1285113310185455,-17.66866245777153,3.8671875,10.461538461538462,24.054645189470293,3.7008141939038355,-36.9140625,72.96703296703298,0.7757112907044201,0.8,-0.7757112907044201,0.8,10.461538461538462,-1.5824175824175823,1.054945054945055,19.076923076923077
6.208120346069336,-2.0191012467660125,-17.31708500346952,-0.87890625,13.362637362637363,69.8896920954797,-5.294788352714901,-47.4609375,29.010989010989015,0.5418455871051586,0.8,-0.5418455871051586,0.8,13.362637362637363,-4.835164835164836,8.087912087912088,19.076923076923077
6.338151454925537,3.9575378912996997,-17.404975951947552,-5.44921875,12.483516483516484,65.91881066428509,-3.662266822521447,-45.703125,-8.791208791208796,0.2545878360248654,0.8,-0.2545878360248654,0.8,12.483516483516484,-9.670329670329672,9.934065934065934,19.076923076923077
6.446875810623169,12.746714701442203,-17.66866245777153,-9.84375,18.63736263736264,86.81992241838131,-9.64656549643926,-43.9453125,61.53846153846155,-0.05775633478942704,0.8,0.05775633478942704,0.8,18.63736263736264,-9.23076923076923,9.670329670329672,19.076923076923077
6.5695481300354,23.2058331930572,-18.81124478798595,-13.359375,15.56043956043956,53.2962342971418,-16.830351535016124,-35.15625,-30.769230769230784,-0.3644093473793208,0.8,0.3644093473793208,0.8,15.56043956043956,-11.780219780219781,9.846153846153847,19.076923076923077
6.678309202194214,34.80756133566637,-23.733192544315273,-15.64453125,11.780219780219781,21.40948988973701,-51.833603231128734,-22.8515625,-37.802197802197796,-0.6351544156381413,0.8,0.6351544156381413,0.8,11.780219780219781,-11.604395604395606,9.142857142857142,19.076923076923077
6.788830995559692,44.827225084891204,-38.23533564708939,-16.171875,10.54945054945055,36.003874223121976,-122.83677639355504,-5.2734375,-12.307692307692317,-0.8433130284111495,0.8,0.8433130284111495,0.8,10.54945054945055,-11.604395604395606,8.703296703296704,19.076923076923077
6.908211708068848,54.495311379814034,-51.68277370773724,-15.46875,5.626373626373626,56.56411670030487,-61.78564034449654,7.03125,-49.23076923076923,-0.968373780232924,0.8,0.968373780232924,0.8,5.626373626373626,-11.868131868131869,7.032967032967033,7.912087912087912
7.017708778381348,62.31768775669818,-58.18678585745091,-14.94140625,-2.021978021978022,38.93937551965592,-40.05191922499832,5.2734375,-76.48351648351648,-0.9980135115942136,0.8,0.9980135115942136,0.8,-2.021978021978022,-2.2857142857142856,0.26373626373626374,7.560439560439561
7.1294755935668945,66.97596266759341,-63.284488189956534,-13.88671875,-9.406593406593407,3.1389583117024054,-38.714469671562426,10.546875,-73.84615384615385,-0.9293116008606835,0.8,0.9293116008606835,0.8,-9.406593406593407,1.4065934065934065,-3.340659340659341,17.494505494505496
7.251267194747925,66.7122898221593,-67.06385361607144,-10.72265625,-18.549450549450547,-16.653304388731353,-4.62583800046184,31.640625,-91.4285714285714,-0.7690377546927146,0.8,0.7690377546927146,0.8,-18.549450549450547,1.6703296703296704,-3.428571428571429,21.89010989010989
7.361099004745483,64.16342499551662,-67.5033083584616,-4.21875,-9.054945054945055,-41.85322152884448,1.0463224070242902,65.0390625,94.94505494505492,-0.5329849388506899,0.8,0.5329849388506899,0.8,-9.054945054945055,1.5824175824175823,-3.340659340659341,13.802197802197803
7.484778165817261,58.36256775440697,-66.27283507976915,1.40625,2.5494505494505493,-34.39240438690977,130.88256029167962,56.25,116.04395604395604,-0.24441318064018214,0.8,0.24441318064018214,0.8,2.5494505494505493,0.1758241758241758,-2.6373626373626373,9.670329670329672
7.605395555496216,49.924954738176595,-50.540191377522824,5.625,0.5274725274725275,-37.668094524683745,65.91896213827602,42.1875,-20.21978021978022,0.06824241336467125,0.8,-0.06824241336467125,0.8,0.5274725274725275,-0.6153846153846154,-1.5824175824175823,9.670329670329672
7.714564800262451,39.29004068921566,-45.266679827281365,10.546875,-0.1758241758241758,-16.47973931080866,23.0715667331176,49.21875,-7.032967032967033,0.3741735783785032,0.8,-0.3741735783785032,0.8,-0.1758241758241758,-1.4065934065934065,-1.3186813186813187,9.670329670329672
7.835403919219971,27.95199905243046,-40.43263667981996,13.18359375,0.0879120879120879,-71.53980803658334,62.341914407665804,26.3671875,2.637362637362637,0.6432346572674884,0.8,-0.6432346572674884,0.8,0.0879120879120879,-1.2307692307692308,-1.934065934065934,9.670329670329672
7.944628477096558,16.877630261079357,-34.19231103593027,15.46875,-4.65934065934066,-100.75401694776808,20.36513819367959,22.8515625,-47.472527472527474,0.8489130747865543,0.8,-0.8489130747865543,0.8,-4.65934065934066,-0.7032967032967032,-2.3736263736263736,9.670329670329672
8.053828477859497,6.066934315162354,-31.907132715111548,16.69921875,-4.747252747252747,-15.884081519979725,33.886018631540715,12.3046875,-0.879120879120876,0.9709418174260521,0.8,-0.9709418174260521,0.8,-4.747252747252747,-0.43956043956043955,-2.3736263736263736,9.670329670329672
8.161587476730347,-0.34915956529351977,-26.721512113348126,16.69921875,-1.4065934065934065,-15.381101407090508,64.8203193395165,0.0,33.40659340659341,0.9972964919342664,0.8,-0.9972964919342664,0.8,-1.4065934065934065,-0.5274725274725275,-2.197802197802198,9.670329670329672
8.282866477966309,-3.337479134326376,-19.865949830112214,15.8203125,0.0,-6.545225516872813,20.570397359795507,-8.7890625,14.065934065934066,0.9253801775902827,0.8,-0.9253801775902827,0.8,0.0,-0.967032967032967,-1.934065934065934,9.670329670329672
8.395949840545654,-4.392184176452642,-17.932335303205623,13.7109375,7.384615384615385,28.952620867174417,-5.17005347256792,-21.09375,73.84615384615385,0.7622793199820935,0.8,-0.7622793199820935,0.8,7.384615384615385,-1.7582417582417582,0.26373626373626374,9.670329670329672
8.505882978439331,-1.8433193498099478,-18.19600814863972,10.37109375,8.43956043956044,33.22739146160834,-3.21552183214642,-33.3984375,10.549450549450547,0.5240654511860946,0.8,-0.5240654511860946,0.8,8.43956043956044,-2.9010989010989015,3.340659340659341,9.670329670329672
8.616321086883545,4.133319788255764,-18.371790045595784,6.328125,9.934065934065934,26.88459947814725,-3.102032083540752,-40.4296875,14.945054945054945,0.23421154301580124,0.8,-0.23421154301580124,0.8,9.934065934065934,-5.978021978021978,6.329670329670329,9.670329670329672
8.738668203353882,13.098278495354332,-21.711673408540772,1.7578125,10.10989010989011,107.2085968731381,-32.83879778847494,-45.703125,1.758241758241752,-0.07872095824982973,0.8,0.07872095824982973,0.8,10.10989010989011,-6.241758241758242,7.560439560439561,9.670329670329672
8.847151279449463,23.733192544315273,-26.985184958782224,-3.33984375,6.945054945054945,93.18646894517681,-63.5363260799189,-50.9765625,-31.648351648351642,-0.38389650210794396,0.8,0.38389650210794396,0.8,6.945054945054945,-6.329670329670329,6.329670329670329,9.670329670329672
8.955259561538696,35.24701607805653,-36.82906681105099,-7.55859375,5.0989010989010985,2.1972692590573835,-79.102547098703,-42.1875,-18.461538461538467,-0.6512438883578046,0.8,0.6512438883578046,0.8,5.0989010989010985,-4.923076923076923,4.043956043956044,9.670329670329672
9.067208766937256,44.38777034250104,-47.28819896305587,-11.42578125,2.10989010989011,96.06784206397582,-75.62776076054668,-38.671875,-29.890109890109887,-0.8544194045464872,0.8,0.8544194045464872,0.8,2.10989010989011,-2.5494505494505493,1.934065934065934,9.670329670329672
9.17677903175354,55.90159387624231,-55.11057533994001,-15.29296875,-2.3736263736263736,7.787805937396813,-46.72718145705273,-38.671875,-44.83516483516483,-0.9734026665175328,0.8,0.9734026665175328,0.8,-2.3736263736263736,0.0,-2.5494505494505493,9.670329670329672
9.286545515060425,63.987643098560554,-60.7356506840936,-18.10546875,-9.31868131868132,47.83972516239513,-16.68815558013603,-28.125,-69.45054945054946,-0.9964693747217873,0.8,0.9964693747217873,0.8,-9.31868131868132,0.7912087912087912,-3.252747252747253,19.86813186813187
9.401096820831299,67.85487215237373,-62.66925155061031,-18.28125,-11.692307692307693,-16.78816121654701,-0.9875388950910007,-1.7578125,-23.73626373626374,-0.9213465960414369,0.8,0.9213465960414369,0.8,-11.692307692307693,0.8791208791208791,-3.6923076923076925,19.340659340659343
9.51497483253479,66.62439887368127,-62.75714249908834,-16.171875,-3.1648351648351647,-17.578547969563147,4.394551614872624,21.09375,85.27472527472528,-0.7554367326767785,0.8,0.7554367326767785,0.8,-3.1648351648351647,0.5274725274725275,-3.428571428571429,14.241758241758241
9.637873649597168,63.811861201604486,-61.438778271917855,-13.53515625,4.131868131868132,-68.04553403763992,61.42978791768132,26.3671875,72.96703296703298,-0.5150881087872197,0.8,0.5150881087872197,0.8,4.131868131868132,-0.967032967032967,-2.4615384615384617,14.241758241758241
9.771003007888794,57.747331115060746,-54.407420431336,-10.37109375,3.956043956043956,-89.56628967804386,36.83082983309492,31.640625,-1.7582417582417609,-0.22398404937180555,0.8,0.22398404937180555,0.8,3.956043956043956,-1.4945054945054945,-2.021978021978022,14.241758241758241
9.882574319839478,49.04603159300639,-50.45230042904479,-5.80078125,0.967032967032967,-9.887911888499728,32.95947862161732,45.703125,-29.89010989010989,0.08919081265537375,0.8,-0.08919081265537375,0.8,0.967032967032967,-0.7912087912087912,-2.197802197802198,14.241758241758241
10.010012865066528,37.092739656485094,-47.28819896305587,-1.93359375,-3.7802197802197806,-33.93841591953905,13.053268104040335,38.671875,-47.472527472527474,0.3935770451956705,0.8,-0.3935770451956705,0.8,-3.7802197802197806,-0.6153846153846154,-2.989010989010989,14.241758241758241
10.121479988098145,26.01837086513399,-45.44246172423743,3.1640625,-6.593406593406594,9.765847525783848,20.61660183543437,50.9765625,-28.131868131868135,0.6591812247219365,0.8,-0.6591812247219365,0.8,-6.593406593406594,-0.5274725274725275,-3.428571428571429,12.395604395604396
10.246515035629272,15.207688579606865,-42.89359689759474,7.734375,-3.7802197802197806,-10.07098474429636,55.84782591998873,45.703125,28.131868131868135,0.8598314098141202,0.8,-0.8598314098141202,0.8,-3.7802197802197806,-0.5274725274725275,-3.252747252747253,12.395604395604396
10.355009078979492,5.6274795727721925,-34.98334323262244,11.953125,-2.021978021978022,-10.013066264417544,86.77927359838698,42.1875,17.582417582417587,0.9757560558394492,0.8,-0.9757560558394492,0.8,-2.021978021978022,-0.6153846153846154,-3.1648351648351647,12.395604395604396
10.460937738418579,0.2660770740527065,-23.557410647359205,14.4140625,-1.934065934065934,-42.81911066232704,56.3409996049089,24.609375,0.8791208791208782,0.9955322512672159,0.8,-0.9955322512672159,0.8,-1.934065934065934,-0.6153846153846154,-2.989010989010989,12.395604395604396
10.566664218902588,-3.5132610312824406,-18.283899097117754,16.69921875,3.428571428571429,-5.7824808705227735,6.938761354190457,22.8515625,53.626373626373635,0.9172113015054537,0.8,-0.9172113015054537,0.8,3.428571428571429,-1.2307692307692308,-2.10989010989011,12.395604395604396
10.680288314819336,-4.30429322797461,-17.75655340624956,17.75390625,10.813186813186814,29.63797493234665,1.021988180990837,10.546875,73.84615384615385,0.7485107481711016,0.8,-0.7485107481711016,0.8,10.813186813186814,-2.10989010989011,1.7582417582417582,12.395604395604396
10.800824165344238,-1.4917555558978184,-17.580757848903616,17.05078125,9.31868131868132,38.747990788490114,-8.505706670618306,-7.03125,-14.945054945054945,0.5060539027168315,0.8,-0.5060539027168315,0.8,9.31868131868132,-5.362637362637363,6.065934065934066,12.395604395604396
10.923339605331421,4.836447376080023,-18.371790045595784,14.94140625,10.373626373626374,41.14083569465396,-21.50535427042122,-21.09375,10.549450549450547,0.21373182878267227,0.8,-0.21373182878267227,0.8,10.373626373626374,-9.494505494505495,7.560439560439561,12.395604395604396
11.033652067184448,13.80141974356847,-21.62378246006274,11.6015625,9.23076923076923,46.53109390044723,-15.510364633482412,-33.3984375,-11.428571428571441,-0.09965082075115472,0.8,0.09965082075115472,0.8,9.23076923076923,-9.494505494505495,7.736263736263736,12.395604395604396
11.15432071685791,24.612115689485474,-27.073075907260257,7.55859375,6.065934065934066,64.26498178107921,-60.484723296548694,-40.4296875,-31.648351648351642,-0.4032141389483639,0.8,0.4032141389483639,0.8,6.065934065934066,-9.406593406593407,5.7142857142857135,12.395604395604396
11.263060092926025,35.862266377792636,-39.02636784378156,2.8125,3.1648351648351647,11.790246717870208,-110.40058244420733,-47.4609375,-29.01098901098901,-0.6670457901096327,0.8,0.6670457901096327,0.8,3.1648351648351647,-7.384615384615385,3.340659340659341,12.395604395604396
11.38657021522522,46.672948663319765,-49.22182715035234,-2.109375,-0.43956043956043955,73.24328582581629,-83.00880429883426,-49.21875,-36.043956043956044,-0.8651484931256689,0.8,0.8651484931256689,0.8,-0.43956043956043955,-1.8461538461538463,-0.8791208791208791,12.395604395604396
11.508176803588867,56.78050336102263,-58.714131548319095,-8.26171875,-4.483516483516484,48.17148360169532,-39.72017560342875,-61.5234375,-40.43956043956044,-0.9780017255870109,0.8,0.9780017255870109,0.8,-4.483516483516484,0.7912087912087912,-3.6923076923076925,15.648351648351648
11.615405321121216,63.54818835617039,-63.811861201604486,-13.0078125,-14.857142857142858,37.97797737797358,-14.105980602545676,-47.4609375,-103.73626373626374,-0.9944852250252418,0.8,0.9944852250252418,0.8,-14.857142857142858,1.3186813186813187,-4.043956043956044,20.747252747252748
11.723601818084717,66.88807171911537,-65.13022542877498,-14.765625,-7.824175824175824,-2.1701508619301046,2.1701508619301046,-17.578125,70.32967032967034,-0.9129747505023436,0.8,0.9129747505023436,0.8,-7.824175824175824,1.3186813186813187,-4.131868131868132,16.263736263736263
11.830577850341797,66.44861697672522,-64.86655258334088,-15.29296875,3.7802197802197806,-31.76807178569941,26.47344801563201,-5.2734375,116.04395604395604,-0.741502131066109,0.8,0.741502131066109,0.8,3.7802197802197806,0.5274725274725275,-3.7802197802197806,11.164835164835164
11.94584608078003,63.63607930464842,-59.24147723918729,-15.8203125,8.87912087912088,-37.95350499565001,54.93242681610599,-5.2734375,50.989010989010985,-0.49696383031522806,0.8,0.49696383031522806,0.8,8.87912087912088,-0.43956043956043955,-2.9010989010989015,11.164835164835164
12.067790746688843,57.39574000036885,-54.05585663742387,-15.64453125,5.802197802197803,-50.49078121815754,44.88072671017121,1.7578125,-30.769230769230766,-0.20345601305263475,0.8,0.20345601305263475,0.8,5.802197802197803,-1.3186813186813187,-1.8461538461538463,11.164835164835164
12.175482511520386,48.16710844783619,-50.18862758361069,-13.88671875,4.747252747252747,-34.931337500694376,37.1849495803457,17.578125,-10.549450549450556,0.11009982779402797,0.8,-0.11009982779402797,0.8,4.747252747252747,-0.6153846153846154,-2.3736263736263736,11.164835164835164
12.30094838142395,37.00484870800706,-45.44246172423743,-11.953125,0.26373626373626374,-69.38814518106507,30.53081839011687,19.3359375,-44.83516483516483,0.4128067194693319,0.8,-0.4128067194693319,0.8,0.26373626373626374,-0.6153846153846154,-3.252747252747253,11.164835164835164
12.427987813949585,26.721512113348126,-42.366251206726545,-7.91015625,-1.6703296703296704,-50.667006162356714,18.612353211641544,40.4296875,-19.34065934065934,0.6748367163042563,0.8,-0.6748367163042563,0.8,-1.6703296703296704,-0.43956043956043955,-3.6923076923076925,10.637362637362637
12.544272899627686,14.59243827987076,-38.93847689530352,-2.8125,0.8791208791208791,-9.98760107085646,83.89678038478745,50.9765625,25.494505494505493,0.8703700674963525,0.8,-0.8703700674963525,0.8,0.8791208791208791,-0.5274725274725275,-3.428571428571429,10.10989010989011
12.652890682220459,5.0122429334259655,-29.446158836946886,1.7578125,1.934065934065934,-16.077775750817693,86.81992241838131,45.703125,10.54945054945055,0.9801394278472417,0.8,-0.9801394278472417,0.8,1.934065934065934,-0.5274725274725275,-3.252747252747253,10.10989010989011
12.76196837425232,0.002404228618609526,-21.711673408540772,6.15234375,3.340659340659341,-31.467432169538263,34.72264888088319,43.9453125,14.065934065934067,0.9933284115833833,0.8,-0.9933284115833833,0.8,3.340659340659341,-1.2307692307692308,-2.5494505494505493,10.10989010989011
12.86578893661499,-3.6890565886283837,-18.020226251683656,10.546875,9.582417582417582,-2.312920451396819,5.7824808705227735,43.9453125,62.41758241758241,0.9086374107304305,0.8,-0.9086374107304305,0.8,9.582417582417582,-1.4065934065934065,-1.4945054945054945,10.10989010989011
12.975032567977905,-4.040620382540513,-17.31708500346952,13.53515625,11.692307692307693,21.21518145242518,-2.020478517779723,29.8828125,21.098901098901113,0.734411655085155,0.8,-0.734411655085155,0.8,11.692307692307693,-3.6923076923076925,4.395604395604396,10.10989010989011
13.083796739578247,-1.1401917619856892,-17.492866900425582,15.8203125,11.868131868131869,26.15831117780309,-9.417037558582072,22.8515625,1.758241758241752,0.4878188950901305,0.8,-0.4878188950901305,0.8,11.868131868131869,-6.417582417582417,6.241758241758242,10.10989010989011
13.204581260681152,5.53958862429416,-18.10811720016169,16.69921875,12.043956043956044,21.73663317206558,-17.956374687535064,8.7890625,1.758241758241752,0.1931577365907425,0.8,-0.1931577365907425,0.8,12.043956043956044,-8.87912087912088,7.1208791208791204,10.10989010989011
13.31408143043518,14.680329228348793,-21.887468965886715,16.69921875,9.23076923076923,14.825153724189096,-15.88391693685946,0.0,-28.13186813186814,-0.1205366802553211,0.8,0.1205366802553211,0.8,9.23076923076923,-9.406593406593407,7.032967032967033,10.10989010989011
13.423182964324951,26.45783926791403,-28.303562846342587,15.29296875,4.65934065934066,-12.08518769593604,-74.70806047297991,-14.0625,-45.7142857142857,-0.42235372777596875,0.8,0.42235372777596875,0.8,4.65934065934066,-9.31868131868132,4.483516483516484,10.10989010989011
13.540757894515991,36.038048274748704,-40.520527628297984,13.0078125,2.2857142857142856,10.986361177942106,-103.87213775809923,-22.8515625,-23.73626373626374,-0.6825531432186539,0.8,0.6825531432186539,0.8,2.2857142857142856,-6.241758241758242,2.10989010989011,10.10989010989011
13.66166067123413,46.409275817885664,-50.01284568665463,8.96484375,-1.2307692307692308,24.83904121414948,-81.20418089840791,-40.4296875,-35.16483516483517,-0.8754955564852068,0.8,0.8754955564852068,0.8,-1.2307692307692308,-0.43956043956043955,-2.9010989010989015,10.10989010989011
13.783134937286377,57.659412845802954,-59.24147723918729,2.98828125,-9.31868131868132,6.615746119958602,-48.1988832218245,-59.765625,-80.87912087912088,-0.9821689266263428,0.8,0.9821689266263428,0.8,-9.31868131868132,0.967032967032967,-4.65934065934066,18.63736263736264
13.890178680419922,65.04233448029694,-65.04233448029694,-1.93359375,-16.087912087912088,9.765650134034786,-20.6167097983885,-49.21875,-67.69230769230768,-0.9920619386492269,0.8,0.9920619386492269,0.8,-16.087912087912088,1.4945054945054945,-5.0989010989010985,21.802197802197803
14.010875701904297,67.32752646150554,-66.88807171911537,-4.74609375,-6.857142857142858,-9.350114561948462,2.805034368584539,-28.125,92.30769230769229,-0.9041997610147181,0.8,0.9041997610147181,0.8,-6.857142857142858,1.5824175824175823,-5.010989010989011,15.912087912087912
14.135253429412842,66.36072602824719,-66.44861697672522,-7.734375,4.65934065934066,-35.91304314710032,45.36368935842662,-29.8828125,115.16483516483518,-0.7272401029884927,0.8,0.7272401029884927,0.8,4.65934065934066,0.5274725274725275,-4.307692307692308,11.076923076923077
14.246316909790039,63.372406459214325,-58.977804393753196,-11.6015625,6.153846153846154,-41.85354677671734,48.13115597099021,-38.671875,14.945054945054945,-0.4786201066058782,0.8,0.4786201066058782,0.8,6.153846153846154,-0.43956043956043955,-3.868131868131868,11.076923076923077
14.366830587387085,56.868394309500665,-54.58320232829207,-14.23828125,3.252747252747253,-23.180310190212623,26.077511207393933,-26.3671875,-29.01098901098901,-0.18283813628562393,0.8,0.18283813628562393,0.8,3.252747252747253,-0.6153846153846154,-3.7802197802197806,11.076923076923077
14.487206220626831,47.28819896305587,-52.03433750164937,-15.8203125,0.7032967032967032,-86.95693736717404,31.790534834133666,-15.8203125,-25.494505494505503,0.13096022594817205,0.8,-0.13096022594817205,0.8,0.7032967032967032,0.0,-3.868131868131868,11.076923076923077
14.593461513519287,37.00484870800706,-48.51867224174832,-15.99609375,-1.7582417582417582,-10.850722371149763,18.44639667755657,-1.7578125,-24.615384615384617,0.4318541099166527,0.8,-0.4318541099166527,0.8,-1.7582417582417582,0.43956043956043955,-4.131868131868132,11.956043956043956
14.701440334320068,25.754698019699894,-44.827225084891204,-14.765625,0.3516483516483516,-8.789103229745248,64.8203193395165,12.3046875,21.0989010989011,0.6901942189900877,0.8,-0.6901942189900877,0.8,0.3516483516483516,0.7032967032967032,-4.131868131868132,11.780219780219781
14.810906648635864,15.38347047656293,-36.12593922322674,-12.48046875,0.6153846153846154,-43.41640866249519,65.65399307942579,22.8515625,2.6373626373626378,0.8805243942586994,0.8,-0.8805243942586994,0.8,0.6153846153846154,0.43956043956043955,-3.956043956043956,11.780219780219781
14.935306072235107,6.066934315162354,-26.01837086513399,-9.31640625,2.2857142857142856,-61.142118235611306,59.23129711857289,31.640625,16.7032967032967,0.9840899978757474,0.8,-0.9840899978757474,0.8,2.2857142857142856,0.26373626373626374,-3.340659340659341,11.780219780219781
15.058707237243652,0.09029517709664185,-20.041731727068278,-4.5703125,8.527472527472527,-39.15971187233508,22.625512119736175,47.4609375,62.417582417582416,0.9906859460363306,0.8,-0.9906859460363306,0.8,8.527472527472527,-0.8791208791208791,-1.3186813186813187,11.780219780219781
15.162790060043335,-3.776947537106416,-17.31708500346952,0.52734375,10.197802197802197,-1.1414387970262907,4.565755188105163,50.9765625,16.703296703296697,0.8996622912540188,0.8,-0.8996622912540188,0.8,10.197802197802197,-4.483516483516484,4.923076923076923,11.780219780219781
15.271965265274048,-4.216402279496577,-16.96552120955739,4.39453125,9.758241758241759,35.5751861129103,1.046319437234135,38.671875,-4.39560439560438,0.7199882664868522,0.8,-0.7199882664868522,0.8,9.758241758241759,-9.23076923076923,6.945054945054945,11.780219780219781
15.38013505935669,-1.0523008135076568,-16.96552120955739,8.26171875,13.538461538461538,49.77010015152044,-2.1178555915812614,38.671875,37.802197802197796,0.46936848037201395,0.8,-0.46936848037201395,0.8,13.538461538461538,-9.582417582417582,9.758241758241759,11.780219780219781
15.490476846694946,6.066934315162354,-17.141303106513455,11.42578125,13.0989010989011,49.17764100195094,-4.185289628097161,31.640625,-4.39560439560438,0.17249835137995348,0.8,-0.17249835137995348,0.8,13.0989010989011,-11.164835164835164,7.736263736263736,11.780219780219781
15.59798288345337,15.031906682650801,-18.371790045595784,13.53515625,11.34065934065934,58.951733359607815,-12.862253918671275,21.09375,-17.58241758241761,-0.1413693141547363,0.8,0.1413693141547363,0.8,11.34065934065934,-9.934065934065934,7.648351648351649,11.780219780219781
15.706252336502075,26.282057370957965,-23.030051296101135,15.29296875,7.032967032967033,31.76807178569941,-122.8365881267437,17.578125,-43.076923076923066,-0.44130681708712405,0.8,0.44130681708712405,0.8,7.032967032967033,-9.846153846153847,4.307692307692308,11.780219780219781
15.813619613647461,37.35642616230906,-40.25685478286389,15.99609375,0.967032967032967,22.508819415110537,-87.89176302909678,7.03125,-60.65934065934066,-0.6977591000742824,0.8,0.6977591000742824,0.8,0.967032967032967,-9.846153846153847,3.6923076923076925,11.780219780219781
15.920385599136353,48.51867224174832,-50.364409480566756,15.1171875,-0.1758241758241758,39.43856165999703,-69.86267500138875,-8.7890625,-11.428571428571427,-0.8854560256532101,0.8,0.8854560256532101,0.8,-0.1758241758241758,-3.6923076923076925,-0.7912087912087912,11.780219780219781
16.055551767349243,58.01100396049484,-56.868394309500665,11.77734375,-7.824175824175824,63.70129942049574,-55.63790725320011,-33.3984375,-76.48351648351648,-0.985902429516859,0.8,0.985902429516859,0.8,-7.824175824175824,1.2307692307692308,-4.043956043956044,17.67032967032967
16.16777229309082,63.72397025312645,-66.62439887368127,7.91015625,-20.747252747252748,54.25410884244936,-43.40335453279885,-38.671875,-129.23076923076923,-0.9892005856487885,0.8,0.9892005856487885,0.8,-20.747252747252748,1.4065934065934065,-4.571428571428571,24.35164835164835
16.29593849182129,66.18494413129112,-70.40373697901643,5.625,-13.010989010989013,0.0,1.8503352001847362,-22.8515625,77.36263736263736,-0.8950255023668878,0.8,0.8950255023668878,0.8,-13.010989010989013,1.5824175824175823,-4.835164835164836,19.78021978021978
16.402165412902832,66.18494413129112,-69.70060939119216,2.98828125,4.395604395604396,-42.81946092949647,48.45350834991196,-26.3671875,174.06593406593407,-0.7126569461540463,0.8,0.7126569461540463,0.8,4.395604395604396,0.7032967032967032,-4.747252747252747,9.846153846153847
16.525757551193237,62.932924396044406,-60.82354163257163,-1.23046875,6.593406593406594,-7.324249053457043,73.243344309328,-42.1875,21.978021978021978,-0.4600650377311509,0.8,0.4600650377311509,0.8,6.593406593406594,0.0879120879120879,-4.395604395604396,9.846153846153847
16.644385814666748,56.07737577319837,-54.143747585901906,-5.9765625,1.3186813186813187,-8.50558159019367,25.517038542611196,-47.4609375,-52.74725274725276,-0.162139523344726,0.8,0.162139523344726,0.8,1.3186813186813187,-0.5274725274725275,-3.7802197802197806,9.846153846153847
16.75077795982361,46.409275817885664,-52.12225577090716,-9.66796875,1.7582417582417582,-18.750298831654398,21.094245557231748,-36.9140625,4.395604395604396,0.15176279575321122,0.8,-0.15176279575321122,0.8,1.7582417582417582,0.0,-3.956043956043956,9.846153846153847
16.875306606292725,34.80756133566637,-47.9034356024021,-12.65625,-2.7252747252747254,-25.90498038965503,35.15665639057872,-29.8828125,-44.83516483516483,0.4507108057462301,0.8,-0.4507108057462301,0.8,-2.7252747252747254,0.1758241758241758,-4.21978021978022,12.571428571428571
16.983888387680054,24.0847563382274,-42.89359689759474,-14.58984375,0.0879120879120879,8.680772094818796,59.679654644373,-19.3359375,28.131868131868135,0.7052469513385682,0.8,-0.7052469513385682,0.8,0.0879120879120879,0.5274725274725275,-4.307692307692308,12.483516483516484
17.11431097984314,13.537746898134372,-35.77436176892473,-14.94140625,3.076923076923077,-55.147798522937855,88.75342965549346,-3.515625,29.89010989010989,0.890289906236315,0.8,-0.890289906236315,0.8,3.076923076923077,0.43956043956043955,-4.21978021978022,12.483516483516484
17.231167793273926,5.18802483038203,-25.754698019699894,-14.23828125,4.747252747252747,-56.93010127101288,61.92391533618264,7.03125,16.7032967032967,0.9876060214644565,0.8,-0.9876060214644565,0.8,4.747252747252747,-0.5274725274725275,-2.3736263736263736,12.483516483516484
17.343462228775024,-0.26126861681548746,-19.514386036200083,-11.953125,11.252747252747252,-34.74791583730084,25.5500222083833,22.8515625,65.05494505494505,0.9876060214644571,0.8,-0.9876060214644571,0.8,11.252747252747252,-1.5824175824175823,-0.3516483516483516,12.483516483516484
17.46149444580078,-3.864838485584448,-17.22919405499149,-9.140625,14.065934065934066,-0.9553363172760287,2.866008951828087,28.125,28.13186813186814,0.8902899062363134,0.8,-0.8902899062363134,0.8,14.065934065934066,-5.802197802197803,6.241758241758242,12.483516483516484
17.569353103637695,-3.9527294340624803,-16.701848364123293,-5.44921875,13.538461538461538,23.871996775427903,0.0,36.9140625,-5.274725274725274,0.7052469513385707,0.8,-0.7052469513385707,0.8,13.538461538461538,-10.725274725274726,10.10989010989011,12.483516483516484
17.675225973129272,-0.34915956529351977,-16.701848364123293,-1.58203125,12.659340659340659,21.40955533116352,-1.126809484083095,38.671875,-8.791208791208796,0.4507108057462334,0.8,-0.4507108057462334,0.8,12.659340659340659,-12.923076923076922,10.10989010989011,12.483516483516484
17.78252625465393,6.6821841880112745,-16.789739312601323,1.7578125,11.164835164835164,14.106112999302978,-6.510433422689856,33.3984375,-14.945054945054945,0.15176279575321483,0.8,-0.15176279575321483,0.8,11.164835164835164,-12.395604395604396,9.054945054945055,12.483516483516484
17.891464233398438,16.438175518689196,-17.31708500346952,4.921875,10.989010989010989,36.003874223121976,-11.648370336817203,31.640625,-1.758241758241752,-0.16213952334472237,0.8,0.16213952334472237,0.8,10.989010989010989,-12.043956043956044,5.626373626373626,12.483516483516484
18.01508617401123,27.864108103952425,-21.36010961462864,8.4375,6.945054945054945,53.32756079756328,-111.59296955813132,35.15625,-40.43956043956044,-0.4600650377311477,0.8,0.4600650377311477,0.8,6.945054945054945,-11.868131868131869,0.967032967032967,12.483516483516484
18.12393021583557,38.14744469861136,-41.13576426764421,11.77734375,1.6703296703296704,35.37107333378181,-112.54443025572385,33.3984375,-52.747252747252745,-0.7126569461540437,0.8,0.7126569461540437,0.8,1.6703296703296704,-9.670329670329672,2.2857142857142856,12.483516483516484
18.233358144760132,48.87024969605033,-51.155428016869045,13.359375,0.3516483516483516,31.083544300834326,-56.80821872826247,15.8203125,-13.18681318681319,-0.8950255023668863,0.8,0.8950255023668863,0.8,0.3516483516483516,-1.3186813186813187,-3.6923076923076925,7.560439560439561
18.364083766937256,58.450458702885,-57.747331115060746,12.65625,-8.087912087912088,39.72017560342875,-49.86142996185973,-7.03125,-84.3956043956044,-0.989200585648788,0.8,0.989200585648788,0.8,-8.087912087912088,1.054945054945055,-5.802197802197803,17.40659340659341
18.4884250164032,64.60287973790678,-64.42709784095071,11.77734375,-20.747252747252748,20.84037723487772,-10.873093344891602,-8.7890625,-126.5934065934066,-0.9859024295168596,0.8,0.9859024295168596,0.8,-20.747252747252748,1.4945054945054945,-6.329670329670329,23.912087912087912
18.61852788925171,66.62439887368127,-65.39389827420906,11.6015625,-12.219780219780219,-4.30837990791906,0.0,-1.7578125,85.27472527472528,-0.8854560256532118,0.8,0.8854560256532118,0.8,-12.219780219780219,1.4945054945054945,-6.329670329670329,17.846153846153847
18.75580859184265,66.18494413129112,-65.13022542877498,10.72265625,5.186813186813187,-36.34002018352585,53.242110780910814,-8.7890625,174.06593406593404,-0.6977591000742851,0.8,0.6977591000742851,0.8,5.186813186813187,0.6153846153846154,-5.8901098901098905,10.901098901098901
18.872227907180786,62.932924396044406,-57.48363094884689,6.50390625,5.274725274725275,-56.29002399528654,35.551707198375524,-42.1875,0.879120879120876,-0.4413068170871273,0.8,0.4413068170871273,0.8,5.274725274725275,-0.8791208791208791,-4.65934065934066,10.901098901098901
18.99161982536316,55.550030082330174,-54.407420431336,2.63671875,2.021978021978022,-73.71558589801735,19.8463061649528,-38.671875,-32.527472527472526,-0.14136931415473292,0.8,0.14136931415473292,0.8,2.021978021978022,-0.8791208791208791,-4.835164835164836,10.901098901098901
19.100537061691284,46.14560297245157,-52.56171051329732,-2.28515625,-2.6373626373626373,-31.467524792183266,5.42537715482526,-49.21875,-46.593406593406584,0.17249835137994984,0.8,-0.17249835137994984,0.8,-2.6373626373626373,-0.1758241758241758,-5.362637362637363,10.901098901098901
19.207570791244507,34.45598388136436,-52.56171051329732,-5.80078125,-3.1648351648351647,-4.394551614872624,5.493189518590779,-35.15625,-5.274725274725274,0.4693684803720107,0.8,-0.4693684803720107,0.8,-3.1648351648351647,0.0,-5.7142857142857135,13.45054945054945
19.316537141799927,25.754698019699894,-51.06753706839101,-8.61328125,-1.934065934065934,-32.26411328760151,27.813765549895972,-28.125,12.307692307692307,0.7199882664868547,0.8,-0.7199882664868547,0.8,-1.934065934065934,0.0,-5.626373626373626,13.274725274725276
19.441492557525635,12.483041856008105,-44.03619288819904,-11.07421875,-0.7032967032967032,-71.99660874454761,122.48766334959599,-24.609375,12.307692307692308,0.8996622912540172,0.8,-0.8996622912540172,0.8,-0.7032967032967032,-0.0879120879120879,-5.626373626373626,13.274725274725276
19.563812494277954,5.715370521250224,-26.897294010304194,-13.359375,1.934065934065934,-64.7114616004432,75.33578294712751,-22.8515625,26.373626373626372,0.9906859460363302,0.8,-0.9906859460363302,0.8,1.934065934065934,-0.0879120879120879,-5.538461538461538,13.274725274725276
19.67554545402527,-0.7886279680735598,-19.514386036200083,-13.53515625,7.912087912087912,-28.2507874287965,18.833912493689287,-1.7578125,59.78021978021978,0.984089997875748,0.8,-0.984089997875748,0.8,7.912087912087912,-1.4065934065934065,-3.428571428571429,13.274725274725276
19.793099641799927,-3.9527294340624803,-17.404975951947552,-12.48046875,15.032967032967033,0.0,3.0307260821904243,10.546875,71.20879120879121,0.8805243942587011,0.8,-0.8805243942587011,0.8,15.032967032967033,-4.131868131868132,3.6923076923076925,13.274725274725276
19.904196977615356,-4.040620382540513,-16.701848364123293,-11.25,9.406593406593407,41.016270418908015,7.8126879864725085,12.3046875,-56.26373626373626,0.6901942189900904,0.8,-0.6901942189900904,0.8,9.406593406593407,-13.538461538461538,11.516483516483515,13.274725274725276
20.01037907600403,-0.17337766833745513,-15.910816167431124,-8.4375,17.230769230769234,28.564927006744703,-1.098637903718156,28.125,78.24175824175826,0.431854109916656,0.8,-0.431854109916656,0.8,17.230769230769234,-13.89010989010989,11.868131868131869,13.274725274725276
20.122912883758545,6.770075563376491,-15.822925218953092,-5.9765625,16.703296703296704,15.775507910748049,-3.3804284522492845,24.609375,-5.2747252747252915,0.1309602259481757,0.8,-0.1309602259481757,0.8,16.703296703296704,-13.626373626373626,10.373626373626374,13.274725274725276
20.23057746887207,16.877630261079357,-15.822925218953092,-3.515625,13.978021978021978,16.276300111574162,-5.425545801923639,24.609375,-27.252747252747263,-0.18283813628562032,0.8,0.18283813628562032,0.8,13.978021978021978,-12.219780219780219,5.362637362637363,13.274725274725276
20.354910850524902,26.01837086513399,-18.459680994073818,0.0,5.626373626373626,71.99642613485935,-77.60648064284568,35.15625,-83.51648351648352,-0.478620106605875,0.8,0.478620106605875,0.8,5.626373626373626,-12.395604395604396,3.340659340659341,13.274725274725276
20.477893590927124,39.29004068921566,-38.41111754404545,4.39453125,8.087912087912088,74.66083949955323,-113.40892962403633,43.9453125,24.615384615384617,-0.7272401029884903,0.8,0.7272401029884903,0.8,8.087912087912088,-8.967032967032967,1.7582417582417582,13.274725274725276
20.60832118988037,47.639762756968,-51.50699181078118,7.734375,5.626373626373626,75.86460596878037,-56.43579877977191,33.3984375,-24.615384615384617,-0.9041997610147166,0.8,0.9041997610147166,0.8,5.626373626373626,0.0,-4.395604395604396,13.274725274725276
20.753448247909546,58.88991344527516,-58.36256775440697,8.7890625,-8.087912087912088,62.894960203766175,-51.606211169552296,10.546875,-137.14285714285714,-0.9920619386492264,0.8,0.9920619386492264,0.8,-8.087912087912088,1.2307692307692308,-6.241758241758242,18.197802197802197
20.86878275871277,63.284488189956534,-65.4817892226871,10.37109375,-21.450549450549453,58.594538979010984,-10.463519619291064,15.8203125,-133.62637362637366,-0.9821689266263421,0.8,0.9821689266263421,0.8,-21.450549450549453,1.4065934065934065,-6.945054945054945,23.64835164835165
21.02451205253601,66.97596266759341,-66.27283507976915,12.65625,-9.054945054945055,-6.866479224342624,2.0601572108596518,22.8515625,123.95604395604397,-0.8754955564852086,0.8,0.8754955564852086,0.8,-9.054945054945055,1.4065934065934065,-6.769230769230769,15.648351648351648
21.132478952407837,66.09705318281308,-64.77866163486284,13.359375,8.175824175824175,-12.86242050875687,78.24503094257194,7.03125,172.3076923076923,-0.6825531432186566,0.8,0.6825531432186566,0.8,8.175824175824175,-0.26373626373626374,-5.010989010989011,10.989010989010989
21.253941535949707,62.493469653654245,-57.57152189732492,11.25,5.538461538461538,-52.155459289241236,36.70207882690939,-21.09375,-26.37362637362637,-0.42235372777596564,0.8,0.42235372777596564,0.8,5.538461538461538,-1.054945054945055,-4.747252747252747,10.989010989010989
21.378143548965454,55.022684391461986,-54.23163853437993,8.4375,1.934065934065934,-62.521144548045534,8.154840052616448,-28.125,-36.043956043956044,-0.12053668025532475,0.8,0.12053668025532475,0.8,1.934065934065934,-0.967032967032967,-5.186813186813187,10.989010989010989
21.48835325241089,45.090897930325305,-53.35272904959961,4.21875,-3.5164835164835164,-41.85322152884448,4.185289628097161,-42.1875,-54.50549450549451,0.19315773659073893,0.8,-0.19315773659073893,0.8,-3.5164835164835164,-0.1758241758241758,-5.538461538461538,10.989010989010989
21.6121187210083,33.752856293540106,-52.47381956481929,0.87890625,-4.835164835164836,-43.945916042156426,8.598323820456992,-33.3984375,-13.186813186813193,0.4878188950901273,0.8,-0.4878188950901273,0.8,-4.835164835164836,-0.0879120879120879,-6.065934065934066,14.241758241758241
21.721721649169922,22.766378450667037,-51.155428016869045,-2.63671875,-1.6703296703296704,-32.15555150163539,50.37700847388404,-35.15625,31.64835164835165,0.7344116550851525,0.8,-0.7344116550851525,0.8,-1.6703296703296704,-0.0879120879120879,-6.153846153846154,14.065934065934066
21.83063554763794,12.131478062095976,-44.73933413641318,-5.625,1.5824175824175823,-24.652667226627077,83.60440058623489,-29.8828125,32.527472527472526,0.9086374107304289,0.8,-0.9086374107304289,0.8,1.5824175824175823,-0.26373626373626374,-5.802197802197803,14.065934065934066
21.95332098007202,3.5180694885196595,-31.291882415375444,-8.96484375,2.10989010989011,-53.296088973632905,104.72230035838503,-33.3984375,5.2747252747252755,0.9933284115833828,0.8,-0.9933284115833828,0.8,2.10989010989011,-0.26373626373626374,-5.538461538461538,14.065934065934066
22.061180353164673,-0.9644098650296246,-19.426495087722053,-11.25,5.0989010989010985,-33.63757664376821,20.616541151786524,-22.8515625,29.890109890109887,0.9801394278472425,0.8,-0.9801394278472425,0.8,5.0989010989010985,-1.054945054945055,-5.0989010989010985,14.065934065934066
22.172525882720947,-4.040620382540513,-17.66866245777153,-11.42578125,18.725274725274726,2.068021389027168,7.238235571992121,-1.7578125,136.2637362637363,0.8703700674963544,0.8,-0.8703700674963544,0.8,18.725274725274726,-2.2857142857142856,-1.3186813186813187,14.065934065934066
22.280391693115234,-3.6890565886283837,-17.05341215803542,-12.12890625,15.296703296703297,28.212215458193334,7.595505659804834,-7.03125,-34.28571428571429,0.674836716304259,0.8,-0.674836716304259,0.8,15.296703296703297,-9.758241758241759,5.0989010989010985,14.065934065934066
22.388511896133423,0.44185897100877114,-16.262393621733132,-11.42578125,13.626373626373626,35.80772111799816,-1.0850722371149761,7.03125,-16.703296703296715,0.4128067194693353,0.8,-0.4128067194693353,0.8,13.626373626373626,-14.41758241758242,10.373626373626374,14.065934065934066
22.499396085739136,7.4732031512007495,-16.52606646716723,-9.84375,14.241758241758241,28.59137965258756,-1.0589277957906307,15.8203125,6.15384615384615,0.11009982779403162,0.8,-0.11009982779403162,0.8,14.241758241758241,-13.89010989010989,9.582417582417582,14.065934065934066
22.609591722488403,17.404975951947552,-16.350284570211162,-8.7890625,15.384615384615385,70.74214666756362,-4.287362442861893,10.546875,11.428571428571441,-0.20345601305263114,0.8,0.20345601305263114,0.8,15.384615384615385,-12.835164835164834,8.087912087912088,14.065934065934066
22.71682381629944,28.303562846342587,-16.789739312601323,-6.50390625,9.934065934065934,33.63757664376821,-8.680577896919809,22.8515625,-54.50549450549451,-0.496963830315231,0.8,0.496963830315231,0.8,9.934065934065934,-12.043956043956044,5.010989010989011,14.065934065934066
22.823691368103027,39.72949543160582,-21.36010961462864,-3.33984375,7.824175824175824,40.14817871306005,-197.48517091414936,31.640625,-21.098901098901102,-0.7415021310661064,0.8,0.7415021310661064,0.8,7.824175824175824,-9.670329670329672,1.8461538461538463,14.065934065934066
22.93044948577881,50.715973274478884,-46.672948663319765,0.52734375,2.6373626373626373,29.297307301566057,-114.9354419935635,38.671875,-51.86813186813186,-0.912974750502342,0.8,0.912974750502342,0.8,2.6373626373626373,-9.582417582417582,3.5164835164835164,7.824175824175824
23.038860082626343,58.274676805928934,-57.13206715493476,3.8671875,3.340659340659341,66.19008105042145,-40.14801006645807,33.3984375,7.032967032967035,-0.9944852250252418,0.8,0.9944852250252418,0.8,3.340659340659341,-2.4615384615384617,-3.7802197802197806,7.560439560439561
23.152251482009888,65.04233448029694,-61.17510542648376,4.39453125,-9.934065934065934,42.46447946401253,-36.53924609346652,5.2734375,-132.74725274725276,-0.9780017255870117,0.8,0.9780017255870117,0.8,-9.934065934065934,0.7912087912087912,-5.450549450549451,15.20879120879121
23.27621603012085,67.15174456454947,-67.23963551302751,6.328125,-22.59340659340659,-8.789103229745248,-16.601639433963246,19.3359375,-126.59340659340657,-0.8651484931256707,0.8,0.8651484931256707,0.8,-22.59340659340659,1.4065934065934065,-6.153846153846154,22.769230769230766
23.39545726776123,66.27283507976915,-68.90956353411012,9.84375,-14.857142857142858,-49.556188472362415,0.9350114561948465,35.15625,77.36263736263734,-0.6670457901096328,0.8,0.6670457901096328,0.8,-14.857142857142858,1.7582417582417582,-6.065934065934066,16.967032967032967
23.521778345108032,62.05401491126408,-68.55799974019799,13.359375,3.6923076923076925,-82.28167138930792,73.86629898104782,35.15625,185.49450549450552,-0.4032141389483673,0.8,0.4032141389483673,0.8,3.6923076923076925,0.7032967032967032,-5.450549450549451,14.153846153846153
23.649173498153687,54.319529482857966,-54.319529482857966,13.0078125,4.21978021978022,-6.96167085462967,77.44926451580359,-3.515625,5.274725274725274,-0.09965082075116191,0.8,0.09965082075116191,0.8,4.21978021978022,-0.3516483516483516,-4.483516483516484,14.153846153846153
23.77065920829773,44.91511603336924,-47.3760899115339,11.77734375,-1.1428571428571428,-77.90406451067471,34.95691421119534,-12.3046875,-53.626373626373635,0.2137318287826687,0.8,-0.2137318287826687,0.8,-1.1428571428571428,-1.7582417582417582,-3.076923076923077,14.153846153846153
23.881190061569214,33.40129249962798,-44.299879394023016,10.01953125,5.7142857142857135,-12.08518769593604,59.32712982092572,-17.578125,68.57142857142856,0.5060539027168345,0.8,-0.5060539027168345,0.8,5.7142857142857135,-0.7912087912087912,-4.395604395604396,14.153846153846153
23.98850703239441,24.0847563382274,-37.97166280165529,6.50390625,-5.0989010989010985,-35.80772111799816,27.127143221078356,-35.15625,-108.13186813186812,0.7485107481710969,0.8,-0.7485107481710969,0.8,-5.0989010989010985,-0.967032967032967,-4.65934065934066,14.153846153846153
24.096466541290283,11.42833681388184,-34.10442008745223,3.69140625,-4.043956043956044,-6.43104366429284,13.934094529386746,-28.125,10.549450549450547,0.9172113015054523,0.8,-0.9172113015054523,0.8,-4.043956043956044,-0.6153846153846154,-5.274725274725275,14.153846153846153
24.2111918926239,2.902832849173433,-31.11610051841938,0.703125,-0.26373626373626374,-67.91630820821939,56.92979179867842,-29.8828125,37.8021978021978,0.9955322512672162,0.8,-0.9955322512672162,0.8,-0.26373626373626374,-0.43956043956043955,-5.010989010989011,14.153846153846153
24.335636854171753,-1.4917555558978184,-23.733192544315273,-2.4609375,3.5164835164835164,-26.07781143547862,63.74562785202121,-31.640625,37.8021978021978,0.9757560558394508,0.8,-0.9757560558394508,0.8,3.5164835164835164,-0.6153846153846154,-4.747252747252747,14.153846153846153
24.441726684570312,-4.216402279496577,-17.844444354727592,-5.625,7.912087912087912,6.675262232054412,8.90052255907514,-31.640625,43.956043956043956,0.8598314098141221,0.8,-0.8598314098141221,0.8,7.912087912087912,-1.5824175824175823,-1.4065934065934065,14.153846153846153
24.551042079925537,-3.4253700828044082,-17.05341215803542,-7.734375,14.681318681318682,47.08469992248578,-3.1389583117024054,-21.09375,67.69230769230771,0.6591812247219366,0.8,-0.6591812247219366,0.8,14.681318681318682,-5.362637362637363,5.362637362637363,14.153846153846153
24.656866312026978,0.7055318164428681,-17.05341215803542,-10.01953125,15.56043956043956,27.317869814405434,1.1877174180038692,-22.8515625,8.791208791208778,0.3935770451956804,0.8,-0.3935770451956804,0.8,15.56043956043956,-9.670329670329672,7.472527472527473,14.153846153846153
24.767982006072998,8.176344399414887,-16.877630261079357,-10.8984375,15.912087912087912,67.2113379849711,-4.136042778054336,-8.7890625,3.5164835164835218,0.08919081265537741,0.8,-0.08919081265537741,0.8,15.912087912087912,-11.868131868131869,7.824175824175824,14.153846153846153
24.890974283218384,18.371790045595784,-17.141303106513455,-11.77734375,16.615384615384617,40.03970339338077,-3.9062681021089984,-8.7890625,7.0329670329670435,-0.22398404937180544,0.8,0.22398404937180544,0.8,16.615384615384617,-12.131868131868131,8.263736263736265,14.153846153846153
24.999002695083618,29.797722630859017,-17.844444354727592,-11.77734375,14.593406593406595,7.5030508650939085,-8.574724885723786,0.0,-20.21978021978022,-0.5150881087872105,0.8,0.5150881087872105,0.8,14.593406593406595,-11.692307692307693,4.571428571428571,14.153846153846153
25.121524572372437,39.55371353464975,-24.172647286705434,-10.546875,8.967032967032967,92.56677132061617,-127.16254342261942,12.3046875,-56.26373626373628,-0.755436732676776,0.8,0.755436732676776,0.8,8.967032967032967,-12.043956043956044,3.7802197802197806,14.153846153846153
25.24395775794983,50.45230042904479,-42.98150150646265,-7.734375,4.923076923076923,23.37551776289029,-129.96757067661258,28.125,-40.43956043956044,-0.9213465960414368,0.8,0.9213465960414368,0.8,4.923076923076923,-11.956043956043956,4.835164835164836,14.153846153846153
25.351470232009888,60.20827767244565,-56.1652667216764,-4.39453125,4.65934065934066,36.25528428350171,-52.73480372643208,33.3984375,-2.637362637362637,-0.9964693747217876,0.8,0.9964693747217876,0.8,4.65934065934066,-2.5494505494505493,-4.307692307692308,6.241758241758242
25.460767030715942,64.86655258334088,-60.91143258104967,-3.515625,-6.417582417582417,23.363763644862292,-47.83972516239513,8.7890625,-110.76923076923077,-0.9734026665175344,0.8,0.9734026665175344,0.8,-6.417582417582417,0.43956043956043955,-6.241758241758242,6.857142857142858
25.571589708328247,68.20643594628586,-67.67909025541766,-1.40625,-18.9010989010989,-22.508652825024942,-47.16132005165202,21.09375,-124.83516483516485,-0.8544194045464891,0.8,0.8544194045464891,0.8,-18.9010989010989,1.1428571428571428,-7.20879120879121,23.472527472527474
25.684415340423584,66.09705318281308,-73.12838370261518,2.8125,-16.0,-23.235880662463362,2.020484054793616,42.1875,29.010989010989015,-0.6512438883578019,0.8,0.6512438883578019,0.8,-16.0,1.4945054945054945,-7.472527472527473,20.923076923076923
25.783931255340576,61.17510542648376,-72.42525611479093,7.91015625,-1.7582417582417582,-2.282884662638553,37.667951749305885,50.9765625,142.41758241758242,-0.3838965021079506,0.8,0.3838965021079506,0.8,-1.7582417582417582,0.7032967032967032,-7.384615384615385,11.252747252747252
25.907604455947876,53.44061999807764,-65.04233448029694,10.37109375,3.956043956043956,-64.08774840092084,173.9526225691199,24.609375,57.142857142857146,-0.0787209582498334,0.8,0.0787209582498334,0.8,3.956043956043956,0.0,-6.681318681318682,11.252747252747252
26.022907733917236,44.38777034250104,-46.848730560275825,11.25,-2.021978021978022,-10.340267655532873,74.44941284656618,8.7890625,-59.78021978021978,0.23421154301580457,0.8,-0.23421154301580457,0.8,-2.021978021978022,-1.5824175824175823,-5.186813186813187,11.252747252747252
26.14381241798401,34.71967038718834,-41.926796464336384,13.18359375,1.8461538461538463,-23.62690930034594,33.07755551167224,19.3359375,38.68131868131868,0.5240654511860885,0.8,-0.5240654511860885,0.8,1.8461538461538463,-1.054945054945055,-5.010989010989011,11.252747252747252
26.253671407699585,21.887468965886715,-36.82906681105099,12.48046875,0.7912087912087912,-47.652244559939184,81.5382631914799,-7.03125,-10.549450549450551,0.7622793199820912,0.8,-0.7622793199820912,0.8,0.7912087912087912,-1.934065934065934,-5.626373626373626,11.252747252747252
26.363497972488403,11.955682504750033,-29.53404978542492,11.07421875,-1.2307692307692308,-38.586707358440606,36.44301990414613,-14.0625,-20.21978021978022,0.9253801775902827,0.8,-0.9253801775902827,0.8,-1.2307692307692308,-1.054945054945055,-5.7142857142857135,11.252747252747252
26.536367416381836,3.6059740973875702,-26.45783926791403,9.66796875,0.1758241758241758,-36.81954984439054,33.85026108272369,-14.0625,14.065934065934067,0.9972964919342656,0.8,-0.9972964919342656,0.8,0.1758241758241758,-1.054945054945055,-6.065934065934066,11.252747252747252
26.6407253742218,-1.667537452853883,-19.77805888163418,5.625,3.428571428571429,-35.385067086667334,12.556043052396925,-40.4296875,32.52747252747253,0.970941817426053,0.8,-0.970941817426053,0.8,3.428571428571429,-1.3186813186813187,-5.626373626373626,11.252747252747252
26.75620198249817,-4.30429322797461,-17.932335303205623,2.98828125,7.472527472527473,5.859402153163499,-2.9297010765817495,-26.3671875,40.43956043956044,0.8489130747865544,0.8,-0.8489130747865544,0.8,7.472527472527473,-2.021978021978022,-4.571428571428571,11.252747252747252
26.86738681793213,-3.5132610312824406,-18.020226251683656,-0.52734375,8.703296703296704,45.427096149285525,-2.9626166852730025,-35.15625,12.307692307692317,0.6432346572674857,0.8,-0.6432346572674857,0.8,8.703296703296704,-2.813186813186813,-2.197802197802198,11.252747252747252
26.9872145652771,0.9692183222668436,-18.19600814863972,-3.69140625,9.23076923076923,83.16642108974692,-21.73663317206558,-31.640625,5.274725274725256,0.3741735783785066,0.8,-0.3741735783785066,0.8,9.23076923076923,-5.362637362637363,0.43956043956043955,11.252747252747252
27.09347653388977,8.440017244848983,-20.656982026804382,-6.85546875,11.604395604395606,24.476134433868765,-7.787805937396813,-31.640625,23.73626373626376,0.06824241336467138,0.8,-0.06824241336467138,0.8,11.604395604395606,-5.626373626373626,1.8461538461538463,11.252747252747252
27.2191104888916,18.723353839507915,-25.403134225787763,-9.31640625,9.23076923076923,69.05783581741117,-42.152178257813944,-24.609375,-23.73626373626376,-0.24441318064018544,0.8,0.24441318064018544,0.8,9.23076923076923,-5.626373626373626,1.4065934065934065,11.252747252747252
27.328168869018555,29.358267888468855,-34.80756133566637,-11.07421875,5.186813186813187,88.96360363981226,-75.02950911042552,-17.578125,-40.43956043956043,-0.5329849388506838,0.8,0.5329849388506838,0.8,5.186813186813187,-5.7142857142857135,-0.6153846153846154,11.252747252747252
27.454151391983032,41.48734172194622,-43.508847197330844,-11.953125,4.21978021978022,59.51009274251018,-85.14510672540277,-8.7890625,-9.670329670329672,-0.7690377546927123,0.8,0.7690377546927123,0.8,4.21978021978022,-2.7252747252747254,-2.197802197802198,11.252747252747252
27.572786569595337,51.41910086230315,-51.94644655317134,-12.3046875,-2.197802197802198,81.13114811385599,-61.8141223070699,-3.515625,-64.17582417582418,-0.9293116008606848,0.8,0.9293116008606848,0.8,-2.197802197802198,-0.0879120879120879,-6.241758241758242,11.252747252747252
27.69374704360962,59.94460482701155,-58.36256775440697,-12.48046875,-9.670329670329672,75.33593306116987,-44.42865265549657,-1.7578125,-74.72527472527473,-0.9980135115942131,0.8,0.9980135115942131,0.8,-9.670329670329672,0.43956043956043955,-7.296703296703297,11.252747252747252
27.80286192893982,64.25131594399465,-63.63607930464842,-10.01953125,-11.956043956043956,24.355668469425037,-13.7660613452782,24.609375,-22.857142857142847,-0.9683737802329249,0.8,0.9683737802329249,0.8,-11.956043956043956,0.7032967032967032,-7.824175824175824,16.615384615384617
27.923054933547974,66.53650792520325,-64.69077068638481,-6.328125,-5.010989010989011,-7.324561307588661,1.046319437234135,36.9140625,69.45054945054946,-0.8433130284111477,0.8,0.8433130284111477,0.8,-5.010989010989011,0.5274725274725275,-7.824175824175824,16.087912087912088
28.03551936149597,65.56968017116513,-64.07553404703859,-1.93359375,1.6703296703296704,-13.285846352880885,26.572010389374135,43.9453125,66.81318681318682,-0.6351544156381469,0.8,0.6351544156381469,0.8,1.6703296703296704,-0.3516483516483516,-7.384615384615385,16.087912087912088
28.154671907424927,60.82354163257163,-59.41725913614336,1.23046875,0.7912087912087912,-48.39001980965803,56.29033097038604,31.640625,-8.791208791208792,-0.36440934737932423,0.8,0.36440934737932423,0.8,0.7912087912087912,-0.7912087912087912,-7.20879120879121,16.087912087912088
28.26767373085022,53.089056204165516,-53.880074740467805,4.21875,-3.956043956043956,-3.0307260821904243,7.071694191777658,29.8828125,-47.472527472527474,-0.05775633478942716,0.8,0.05775633478942716,0.8,-3.956043956043956,-0.6153846153846154,-7.296703296703297,16.087912087912088
28.389408111572266,42.98150150646265,-53.704292843511745,7.20703125,-6.681318681318682,-37.00713538429782,4.62583800046184,29.8828125,-27.252747252747255,0.25458783602485496,0.8,-0.25458783602485496,0.8,-6.681318681318682,0.0,-7.472527472527473,16.087912087912088
28.50826358795166,31.291882415375444,-52.56171051329732,9.84375,-6.769230769230769,7.642839020694596,39.16923445577628,26.3671875,-0.879120879120876,0.5418455871051555,0.8,-0.5418455871051555,0.8,-6.769230769230769,0.1758241758241758,-7.560439560439561,16.087912087912088
28.620643138885498,20.217513624024342,-46.58505771484173,11.77734375,-5.626373626373626,-12.263858171890046,49.05590921297873,19.3359375,11.428571428571432,0.77571129070442,0.8,-0.77571129070442,0.8,-5.626373626373626,0.0879120879120879,-7.736263736263736,16.087912087912088
28.742817878723145,9.670504183931314,-37.268521553441154,12.48046875,-5.010989010989011,-52.93475137033584,112.86097872187005,7.03125,6.15384615384615,0.9331404318391993,0.8,-0.9331404318391993,0.8,-5.010989010989011,0.0,-7.472527472527473,16.087912087912088
28.86795735359192,3.6938650458656026,-25.2273523288317,12.3046875,-3.7802197802197806,-39.86843141702243,57.084303375018536,-1.7578125,12.307692307692303,0.9986203545455201,0.8,-0.9986203545455201,0.8,-3.7802197802197806,-0.0879120879120879,-7.032967032967033,16.087912087912088
28.99387288093567,-2.1070058556339233,-19.162822242287955,11.6015625,4.835164835164836,-23.803951719528317,17.39537609354633,-7.03125,86.15384615384616,0.9656988384392075,0.8,-0.9656988384392075,0.8,4.835164835164836,-1.1428571428571428,-4.747252747252747,16.087912087912088
29.115072011947632,-4.392184176452642,-17.05341215803542,9.4921875,12.043956043956044,11.464184289798713,1.9106726345520575,-21.09375,72.08791208791209,0.8376198836430394,0.8,-0.8376198836430394,0.8,12.043956043956044,-3.604395604395605,0.0879120879120879,16.087912087912088
29.23566222190857,-3.337479134326376,-16.877630261079357,6.328125,11.868131868131869,53.295953795291,0.0,-31.640625,-1.758241758241752,0.6270040554961913,0.8,-0.6270040554961913,0.8,11.868131868131869,-8.43956043956044,3.076923076923077,16.087912087912088
29.344253301620483,1.4086730646570051,-16.877630261079357,2.63671875,15.472527472527473,40.64982280161647,-5.49317314764346,-36.9140625,36.043956043956044,0.354604887042537,0.8,-0.354604887042537,0.8,15.472527472527473,-8.967032967032967,4.395604395604396,16.087912087912088
29.468478441238403,9.231049441541153,-17.31708500346952,-0.703125,14.505494505494507,32.38115359030161,-14.802825395012253,-33.3984375,-9.670329670329654,0.04726388014532584,0.8,-0.04726388014532584,0.8,14.505494505494507,-9.31868131868132,5.362637362637363,16.087912087912088
29.587363958358765,19.162822242287955,-19.77805888163418,-4.74609375,9.582417582417582,64.00812718743938,-37.25841333873785,-40.4296875,-49.230769230769255,-0.2647343859284929,0.8,0.2647343859284929,0.8,9.582417582417582,-8.87912087912088,3.252747252747253,16.087912087912088
29.711268186569214,30.50086387907315,-29.006704094556724,-7.91015625,6.505494505494506,63.58119904973957,-134.64261609993451,-31.640625,-30.76923076923076,-0.550646417769299,0.8,0.550646417769299,0.8,6.505494505494506,-8.703296703296704,2.10989010989011,16.087912087912088
29.836251735687256,41.66312361890228,-45.6182436211935,-10.01953125,4.65934065934066,93.81711595894355,-69.12833660656904,-21.09375,-18.461538461538467,-0.7822991912854725,0.8,0.7822991912854725,0.8,4.65934065934066,-5.0989010989010985,-0.7912087912087912,16.087912087912088
29.940269708633423,51.24331896534708,-52.47381956481929,-12.83203125,-1.8461538461538463,42.81897977947402,-67.60906292173743,-28.125,-65.05494505494505,-0.936866247838177,0.8,0.936866247838177,0.8,-1.8461538461538463,-0.1758241758241758,-5.186813186813187,16.087912087912088
30.05072546005249,60.82354163257163,-58.88991344527516,-14.58984375,-8.791208791208792,65.91896658831844,-49.93845111573636,-17.578125,-69.45054945054946,-0.9991169537951468,0.8,0.9991169537951468,0.8,-8.791208791208792,0.43956043956043955,-6.769230769230769,14.593406593406595
30.158371210098267,65.21811637725301,-64.86655258334088,-14.0625,-13.978021978021978,22.508986005196128,-8.574724885723786,5.2734375,-51.86813186813186,-0.962917287347799,0.8,0.962917287347799,0.8,-13.978021978021978,1.2307692307692308,-7.296703296703297,16.175824175824175
30.267627954483032,67.59119930693963,-65.56968017116513,-11.77734375,-7.472527472527473,-28.25095005227136,1.046319437234135,22.8515625,65.05494505494505,-0.8318342689826984,0.8,0.8318342689826984,0.8,-7.472527472527473,0.967032967032967,-7.032967032967033,12.219780219780219
30.389553546905518,65.39389827420906,-65.21811637725301,-8.4375,2.989010989010989,-54.81433556975291,46.30846020752906,33.3984375,104.61538461538461,-0.6187844766088617,0.8,0.6187844766088617,0.8,2.989010989010989,0.43956043956043955,-6.681318681318682,6.681318681318682
30.500444889068604,60.82354163257163,-58.01100396049484,-5.44921875,4.043956043956044,-28.94002966948897,63.2392623925553,29.8828125,10.549450549450547,-0.3447612797414369,0.8,0.3447612797414369,0.8,4.043956043956044,-0.5274725274725275,-6.153846153846154,6.681318681318682
30.622546195983887,52.38592861634126,-52.56171051329732,-2.4609375,0.7032967032967032,-27.75538524665577,25.905045402731417,29.8828125,-33.4065934065934,-0.0367662077574851,0.8,0.0367662077574851,0.8,0.7032967032967032,-0.7912087912087912,-5.978021978021978,6.681318681318682
30.73117232322693,42.102578361292444,-49.74917284122053,1.23046875,-0.8791208791208791,7.412494570534415,10.589442541026573,36.9140625,-15.824175824175823,0.2748517102124707,0.8,-0.2748517102124707,0.8,-0.8791208791208791,-0.26373626373626374,-6.241758241758242,6.681318681318682
30.85296630859375,32.08291461206761,-46.4971667663637,4.21875,-4.21978021978022,-71.65096620813398,32.48173175235771,29.8828125,-33.40659340659341,0.5593864592665327,0.8,-0.5593864592665327,0.8,-4.21978021978022,0.26373626373626374,-6.505494505494506,9.142857142857142
30.964317083358765,19.953840778590244,-42.27836025824851,7.55859375,-4.483516483516484,-30.343675051577282,50.22396340897522,33.3984375,-2.637362637362637,0.7888007291579379,0.8,-0.7888007291579379,0.8,-4.483516483516484,0.3516483516483516,-6.505494505494506,9.142857142857142
31.068135261535645,8.879471987239144,-36.038048274748704,10.37109375,-2.4615384615384617,-2.1701444742299523,58.59457539061661,28.125,20.21978021978022,0.9404886375423962,0.8,-0.9404886375423962,0.8,-2.4615384615384617,0.1758241758241758,-6.329670329670329,9.142857142857142
31.165735244750977,4.924351984947934,-26.80940306182616,11.953125,-0.7032967032967032,-23.97064377347457,69.6286918420154,15.8203125,17.582417582417584,0.9995032545205177,0.8,-0.9995032545205177,0.8,-0.7032967032967032,0.1758241758241758,-6.241758241758242,9.142857142857142
31.271523475646973,-2.1948968041119556,-20.39329552098041,13.0078125,2.021978021978022,-23.782473392220865,32.05458215095931,10.546875,27.252747252747255,0.960029434030839,0.8,-0.960029434030839,0.8,2.021978021978022,-0.43956043956043955,-5.626373626373626,9.142857142857142
31.366259574890137,-4.216402279496577,-17.580757848903616,13.53515625,7.296703296703297,15.234651951780744,0.0,5.2734375,52.74725274725276,0.8259568231388776,0.8,-0.8259568231388776,0.8,7.296703296703297,-1.2307692307692308,-3.5164835164835164,9.142857142857142
31.45911979675293,-2.9859153404142464,-17.580757848903616,13.0078125,8.703296703296704,-1.220707165022699,-2.441604057612234,-5.2734375,14.06593406593407,0.6104965863848633,0.8,-0.6104965863848633,0.8,8.703296703296704,-4.835164835164836,2.10989010989011,9.142857142857142
31.552878856658936,1.6723459100911022,-18.020226251683656,11.6015625,12.043956043956044,29.29735141567845,0.0,-14.0625,33.406593406593394,0.3348796121709844,0.8,-0.3348796121709844,0.8,12.043956043956044,-6.769230769230769,3.5164835164835164,9.142857142857142
31.66057538986206,6.770075563376491,-18.283899097117754,9.140625,12.923076923076922,58.594508637520036,-15.153787427120507,-24.609375,8.791208791208778,0.026264476527054867,0.8,-0.026264476527054867,0.8,12.923076923076922,-8.791208791208792,4.65934065934066,9.142857142857142
31.784435510635376,20.12962267554631,-21.096436769194543,6.6796875,11.780219780219781,52.54409138012705,-27.705050165977568,-24.609375,-11.428571428571406,-0.2849386919645652,0.8,0.2849386919645652,0.8,11.780219780219781,-9.23076923076923,5.0989010989010985,9.142857142857142
31.879323482513428,30.237191033639057,-26.545730216392062,3.1640625,7.296703296703297,26.253269738940254,-98.16462358093882,-35.15625,-44.83516483516483,-0.5680647467311566,0.8,0.5680647467311566,0.8,7.296703296703297,-9.054945054945055,2.989010989010989,9.142857142857142
31.971453189849854,42.01468741281442,-38.49900849252349,0.0,3.7802197802197806,18.568739056417947,-89.12998595085308,-31.640625,-35.16483516483517,-0.7952151865779735,0.8,0.7952151865779735,0.8,3.7802197802197806,-8.967032967032967,2.021978021978022,9.142857142857142
32.06562876701355,49.57339094426447,-50.18862758361069,-3.33984375,1.7582417582417582,56.66691054328352,-80.95293476701157,-33.3984375,-20.219780219780223,-0.9440072010544903,0.8,0.9440072010544903,0.8,1.7582417582417582,-3.1648351648351647,-3.076923076923077,9.142857142857142
32.17570519447327,57.659412845802954,-58.274676805928934,-7.3828125,-3.340659340659341,48.828829053034475,-41.016009981229665,-40.4296875,-50.989010989010985,-0.9997792140755745,0.8,0.9997792140755745,0.8,-3.340659340659341,-0.0879120879120879,-7.296703296703297,9.582417582417582
32.2856981754303,67.23963551302751,-64.07553404703859,-11.25,-14.681318681318682,-12.263858171890046,-33.72592765631,-38.671875,-113.40659340659342,-0.9570355972958123,0.8,0.9570355972958123,0.8,-14.681318681318682,1.054945054945055,-8.175824175824175,19.340659340659343
32.37739324569702,68.64589068867602,-67.15174456454947,-13.359375,-18.63736263736264,-29.709674649893106,-1.237903110412213,-21.09375,-39.56043956043956,-0.8199881949581491,0.8,0.8199881949581491,0.8,-18.63736263736264,1.3186813186813187,-8.175824175824175,21.626373626373628
32.490365982055664,65.30600732573103,-67.23963551302751,-13.18359375,-10.373626373626374,-61.92391533618264,0.99876281303395,1.7578125,82.63736263736264,-0.6021412997742001,0.8,0.6021412997742001,0.8,-10.373626373626374,1.1428571428571428,-8.175824175824175,13.274725274725276
32.59873938560486,59.68093198157745,-66.53650792520325,-12.12890625,3.428571428571429,-16.78816121654701,49.37755870474903,10.546875,138.02197802197804,-0.32496097522784184,0.8,0.32496097522784184,0.8,3.428571428571429,0.1758241758241758,-7.736263736263736,7.032967032967033
32.687416076660156,51.24331896534708,-54.58320232829207,-11.953125,5.362637362637363,-19.806383256468447,123.79085735087118,1.7578125,19.340659340659343,-0.015759845803222525,0.8,0.015759845803222525,0.8,5.362637362637363,-1.1428571428571428,-6.153846153846154,7.032967032967033
32.78065586090088,46.32138486940764,-44.65144318793514,-11.25,2.4615384615384617,-60.19987891510978,63.81202509558793,7.03125,-29.010989010989015,0.2949942176222479,0.8,-0.2949942176222479,0.8,2.4615384615384617,-1.6703296703296704,-4.21978021978022,7.032967032967033
32.88268423080444,37.7079899562212,-38.58689944100152,-9.140625,4.21978021978022,-120.44455336680943,36.89290194700853,21.09375,17.582417582417584,0.5766803221148693,0.8,-0.5766803221148693,0.8,4.21978021978022,-1.4945054945054945,-4.747252747252747,7.032967032967033
32.988778591156006,22.239032759798842,-34.2802019844083,-6.85546875,5.978021978021978,-131.8379144864693,72.5107846655436,22.8515625,17.582417582417584,0.8015418554150977,0.8,-0.8015418554150977,0.8,5.978021978021978,-1.1428571428571428,-5.274725274725275,7.032967032967033
33.08865141868591,9.934177029365411,-28.03989000090849,-4.5703125,1.2307692307692308,-32.552504406653235,53.16904555843976,22.8515625,-47.472527472527474,0.9474215499390901,0.8,-0.9474215499390901,0.8,1.2307692307692308,-1.054945054945055,-5.7142857142857135,7.032967032967033
33.2079656124115,2.7270509522173687,-23.117942244579165,-1.40625,1.1428571428571428,-61.81396035517721,22.214326327748285,31.640625,-0.8791208791208804,0.9999448019954837,0.8,-0.9999448019954837,0.8,1.1428571428571428,-0.7912087912087912,-6.065934065934066,7.032967032967033
33.336832761764526,-2.5464605980240846,-19.865949830112214,2.28515625,5.010989010989011,-21.24854825014192,15.453530576767475,36.9140625,38.68131868131868,0.9539361076503382,0.8,-0.9539361076503382,0.8,5.010989010989011,-0.7032967032967032,-6.241758241758242,7.032967032967033
33.44464707374573,-4.567966073408707,-18.10811720016169,6.15234375,4.65934065934066,18.913415907156757,-1.112543705342402,38.671875,-3.516483516483513,0.8139290433532435,0.8,-0.8139290433532435,0.8,4.65934065934066,-1.1428571428571428,-5.010989010989011,7.032967032967033
33.55120658874512,-2.9859153404142464,-18.19600814863972,9.140625,7.648351648351649,46.14299594925993,-9.887882420285663,29.8828125,29.89010989010989,0.593719539167168,0.8,-0.593719539167168,0.8,7.648351648351649,-2.021978021978022,-3.7802197802197806,7.032967032967033
33.675358295440674,2.1997052613491745,-19.865949830112214,11.25,9.582417582417582,82.89808964191504,-16.97912305359658,21.09375,19.340659340659336,0.31500646388995635,0.8,-0.31500646388995635,0.8,9.582417582417582,-2.9010989010989015,-2.10989010989011,7.032967032967033
33.77955365180969,10.109958926321475,-22.50270560523294,12.65625,8.791208791208792,51.83376166857652,-57.467809088992,14.0625,-7.912087912087902,0.005253475255310536,0.8,-0.005253475255310536,0.8,8.791208791208792,-3.076923076923077,-2.5494505494505493,7.032967032967033
33.879660844802856,20.92065487223848,-29.62194073390295,13.18359375,7.1208791208791204,12.89088736519831,-99.61090562472808,5.2734375,-16.703296703296715,-0.3050171770956175,0.8,0.3050171770956175,0.8,7.1208791208791204,-2.4615384615384617,-2.813186813186813,7.032967032967033
34.00286626815796,31.20399146689741,-38.93847689530352,12.83203125,4.747252747252747,21.74652179817163,-89.70408555236425,-3.515625,-23.73626373626373,-0.585232234292533,0.8,0.585232234292533,0.8,4.747252747252747,-1.934065934065934,-3.340659340659341,7.032967032967033
34.107420206069946,42.01468741281442,-47.72765370544603,11.07421875,-0.5274725274725275,49.5799911514774,-77.75031728016839,-17.578125,-52.747252747252745,-0.8077800372303117,0.8,0.8077800372303117,0.8,-0.5274725274725275,-0.5274725274725275,-7.20879120879121,7.032967032967033
34.22880744934082,54.143747585901906,-55.72581197928624,7.734375,-6.417582417582417,69.91401784045424,-53.93381283191104,-33.3984375,-58.9010989010989,-0.9507313072657052,0.8,0.9507313072657052,0.8,-6.417582417582417,0.0879120879120879,-8.175824175824175,7.032967032967033
34.345540285110474,60.647759735615566,-62.14190585974212,4.39453125,-11.604395604395606,50.63312178060225,-21.017695945045368,-33.3984375,-51.86813186813189,-1.0,0.8,1.0,0.8,-11.604395604395606,0.7912087912087912,-8.527472527472527,17.40659340659341
34.459800243377686,65.65757111964317,-64.25131594399465,2.109375,-7.032967032967033,9.765947948829808,2.9296933155374867,-22.8515625,45.71428571428573,-1.0,0.8,1.0,0.8,-7.032967032967033,0.7032967032967032,-8.527472527472527,17.142857142857142
34.56535792350769,66.7122898221593,-63.987643098560554,-0.3515625,1.054945054945055,0.0,4.235711183162523,-24.609375,80.87912087912088,-0.9507313072657055,0.8,0.9507313072657055,0.8,1.054945054945055,0.0879120879120879,-8.087912087912088,17.142857142857142
34.67178392410278,66.7122898221593,-62.66925155061031,-3.1640625,5.274725274725275,-17.578547969563147,21.972758074363117,-28.125,42.1978021978022,-0.8077800372303148,0.8,0.8077800372303148,0.8,5.274725274725275,-0.7912087912087912,-7.384615384615385,17.142857142857142
34.76394820213318,65.13022542877498,-60.647759735615566,-6.50390625,3.6923076923076925,-44.54786922885715,12.040237763266097,-33.3984375,-15.824175824175821,-0.5852322342925295,0.8,0.5852322342925295,0.8,3.6923076923076925,-0.7912087912087912,-7.472527472527473,17.142857142857142
34.865177154541016,59.50515008462139,-59.768822930055485,-9.31640625,-0.7912087912087912,-82.59702640415026,13.7660613452782,-28.125,-44.83516483516483,-0.3050171770956176,0.8,0.3050171770956176,0.8,-0.7912087912087912,-0.43956043956043955,-7.648351648351649,17.142857142857142
34.97312545776367,50.89175517143495,-58.62624059984107,-11.42578125,-4.747252747252747,2.09263887446827,3.1389583117024054,-21.09375,-39.56043956043956,0.005253475255305974,0.8,-0.005253475255305974,0.8,-4.747252747252747,-0.0879120879120879,-7.824175824175824,17.142857142857142
35.084537744522095,40.25685478286389,-58.450458702885,-12.12890625,-4.131868131868132,0.0,10.863234821100507,-7.03125,6.15384615384615,0.3150064638899478,0.8,-0.3150064638899478,0.8,-4.131868131868132,0.0,-8.087912087912088,17.142857142857142
35.188714265823364,29.358267888468855,-56.34104861863247,-12.12890625,-0.967032967032967,-10.013066264417544,61.1905954591758,0.0,31.64835164835165,0.5937195391671687,0.8,-0.5937195391671687,0.8,-0.967032967032967,-0.0879120879120879,-7.824175824175824,17.142857142857142
35.2986216545105,23.2058331930572,-47.28819896305587,-11.77734375,0.43956043956043955,-60.297779203877944,108.33185907767205,3.515625,14.065934065934066,0.8139290433532413,0.8,-0.8139290433532413,0.8,0.43956043956043955,-0.0879120879120879,-7.824175824175824,17.142857142857142
35.41476345062256,8.176344399414887,-29.797722630859017,-10.8984375,-1.934065934065934,-44.880985867879296,72.93162020074246,8.7890625,-23.736263736263737,0.9539361076503358,0.8,-0.9539361076503358,0.8,-1.934065934065934,-0.26373626373626374,-7.296703296703297,17.142857142857142
35.52046513557434,2.1997052613491745,-22.06325086284278,-7.55859375,5.626373626373626,-46.199573032000416,32.67772542104304,33.3984375,75.6043956043956,0.9999448019954837,0.8,-0.9999448019954837,0.8,5.626373626373626,-0.967032967032967,-6.153846153846154,17.142857142857142
35.62881088256836,-3.5132610312824406,-18.283899097117754,-4.5703125,15.20879120879121,-2.197446562472637,19.77565302196313,29.8828125,95.82417582417584,0.947421549939091,0.8,-0.947421549939091,0.8,15.20879120879121,-2.197802197802198,-1.8461538461538463,17.142857142857142
35.73334622383118,-4.1285113310185455,-16.350284570211162,-1.93359375,14.945054945054945,5.63403019912832,-1.1268060398256639,26.3671875,-2.6373626373626458,0.801541855415102,0.8,-0.801541855415102,0.8,14.945054945054945,-5.010989010989011,2.10989010989011,17.142857142857142
35.849730014801025,-2.4585696495460527,-16.350284570211162,1.7578125,15.472527472527473,22.971792926167588,-3.995040428342584,36.9140625,5.274725274725274,0.5766803221148672,0.8,-0.5766803221148672,0.8,15.472527472527473,-12.747252747252746,6.505494505494506,17.142857142857142
35.97301006317139,2.902832849173433,-16.52606646716723,5.09765625,19.956043956043956,65.6772953488652,-0.9658337484219978,33.3984375,44.83516483516483,0.29499421762224975,0.8,-0.29499421762224975,0.8,19.956043956043956,-13.010989010989013,7.648351648351649,17.142857142857142
36.080546140670776,11.42833681388184,-16.438175518689196,7.734375,14.593406593406595,21.13850331784156,-13.350524464108824,26.3671875,-53.62637362637361,-0.015759845803216186,0.8,0.015759845803216186,0.8,14.593406593406595,-12.219780219780219,3.5164835164835164,17.142857142857142
36.1887047290802,22.590596553710974,-18.54757194255185,9.66796875,7.560439560439561,42.899584797024104,-21.97287080539169,19.3359375,-70.32967032967034,-0.32496097522784506,0.8,0.32496097522784506,0.8,7.560439560439561,-11.780219780219781,1.8461538461538463,17.142857142857142
36.31120848655701,33.57707439658404,-26.01837086513399,11.25,1.3186813186813187,39.78263818457492,-180.4095513339585,15.8203125,-62.41758241758242,-0.6021412997741992,0.8,0.6021412997741992,0.8,1.3186813186813187,-10.197802197802197,-1.6703296703296704,17.142857142857142
36.42127180099487,44.124083836677066,-46.32138486940764,12.65625,1.934065934065934,6.278097066082176,-97.30879697294117,14.0625,6.153846153846154,-0.819988194958146,0.8,0.819988194958146,0.8,1.934065934065934,-6.681318681318682,-3.6923076923076925,5.978021978021978
36.52683472633362,54.319529482857966,-54.58320232829207,11.07421875,-1.5824175824175823,16.902440863483754,-48.45336024470114,-15.8203125,-35.16483516483517,-0.9570355972958094,0.8,0.9570355972958094,0.8,-1.5824175824175823,1.054945054945055,-8.43956043956044,6.065934065934066
36.638123512268066,60.20827767244565,-59.85671387853352,8.4375,-14.505494505494507,47.012091692803246,-40.88016260685823,-26.3671875,-129.23076923076925,-0.9997792140755745,0.8,0.9997792140755745,0.8,-14.505494505494507,1.4065934065934065,-8.967032967032967,21.274725274725274
36.7506639957428,67.15174456454947,-65.56968017116513,7.03125,-19.076923076923077,5.17005347256792,-15.510481838497826,-14.0625,-45.714285714285694,-0.9440072010544919,0.8,0.9440072010544919,0.8,-19.076923076923077,1.8461538461538463,-9.31868131868132,22.24175824175824
36.88220739364624,66.62439887368127,-66.88807171911537,6.328125,-8.087912087912088,-19.19491255287613,1.010242027396808,-7.03125,109.8901098901099,-0.795215186577979,0.8,0.795215186577979,0.8,-8.087912087912088,1.4945054945054945,-9.31868131868132,12.747252747252746
36.99367642402649,64.60287973790678,-65.7454620681212,4.21875,6.065934065934066,-36.71428810897112,87.89164438739346,-21.09375,141.53846153846155,-0.568064746731156,0.8,0.568064746731156,0.8,6.065934065934066,0.0879120879120879,-8.175824175824175,10.021978021978022
